client_sk,client_id,valid_from,valid_to,is_current,legal_name,registration_no,onboarding_date,years_in_business,employees_band,turnover_band,segment,kyc_status,relationship_manager_id,geography_sk,industry_sk
1,C000001,2023-03-01,2025-08-02,True,Client 1 (Pty) Ltd,REG0000001,2019-04-16,21,6-20,< R5m,Small,Verified,RM048,1,6
2,C000002,2023-03-01,2025-08-02,True,Client 2 (Pty) Ltd,REG0000002,2020-01-10,26,6-20,< R5m,Micro,Verified,RM006,1,5
3,C000003,2023-03-01,2025-08-02,True,Client 3 (Pty) Ltd,REG0000003,2019-10-09,11,21-50,< R5m,Medium,Verified,RM028,3,2
4,C000004,2023-03-01,2025-08-02,True,Client 4 (Pty) Ltd,REG0000004,2022-11-26,7,6-20,< R5m,Micro,Verified,RM002,4,7
5,C000005,2023-03-01,2025-08-02,True,Client 5 (Pty) Ltd,REG0000005,2022-07-23,29,6-20,< R5m,Micro,Verified,RM014,8,5
6,C000006,2023-03-01,2025-08-02,True,Client 6 (Pty) Ltd,REG0000006,2021-10-11,14,51-100,< R5m,Micro,Verified,RM033,7,10
7,C000007,2023-03-01,2025-08-02,True,Client 7 (Pty) Ltd,REG0000007,2019-09-16,17,101-250,< R5m,Micro,Pending,RM002,10,8
8,C000008,2023-03-01,2025-08-02,True,Client 8 (Pty) Ltd,REG0000008,2019-12-08,17,101-250,< R5m,Corporate,Verified,RM013,8,7
9,C000009,2023-03-01,2025-08-02,True,Client 9 (Pty) Ltd,REG0000009,2019-01-25,23,21-50,< R5m,Small,Verified,RM042,20,1
10,C000010,2023-03-01,2025-08-02,True,Client 10 (Pty) Ltd,REG0000010,2019-02-24,17,6-20,< R5m,Medium,Pending,RM035,11,6
11,C000011,2023-03-01,2025-08-02,True,Client 11 (Pty) Ltd,REG0000011,2020-09-23,4,51-100,< R5m,Small,Verified,RM015,22,6
12,C000012,2023-03-01,2025-08-02,True,Client 12 (Pty) Ltd,REG0000012,2020-07-25,3,6-20,< R5m,Small,Verified,RM038,3,1
13,C000013,2023-03-01,2025-08-02,True,Client 13 (Pty) Ltd,REG0000013,2021-07-10,3,51-100,< R5m,Micro,Verified,RM052,19,4
14,C000014,2023-03-01,2025-08-02,True,Client 14 (Pty) Ltd,REG0000014,2018-03-17,27,51-100,< R5m,Small,Verified,RM001,9,6
15,C000015,2023-03-01,2025-08-02,True,Client 15 (Pty) Ltd,REG0000015,2018-10-29,29,1-5,< R5m,Small,Verified,RM052,22,9
16,C000016,2023-03-01,2025-08-02,True,Client 16 (Pty) Ltd,REG0000016,2022-03-10,28,6-20,< R5m,Corporate,Verified,RM045,18,2
17,C000017,2023-03-01,2025-08-02,True,Client 17 (Pty) Ltd,REG0000017,2020-09-17,9,21-50,< R5m,Micro,Verified,RM022,17,4
18,C000018,2023-03-01,2025-08-02,True,Client 18 (Pty) Ltd,REG0000018,2021-07-10,20,1-5,< R5m,Small,Verified,RM010,11,1
19,C000019,2023-03-01,2025-08-02,True,Client 19 (Pty) Ltd,REG0000019,2021-11-16,30,6-20,< R5m,Small,Verified,RM049,18,2
20,C000020,2023-03-01,2025-08-02,True,Client 20 (Pty) Ltd,REG0000020,2021-03-12,13,1-5,< R5m,Micro,Pending,RM007,19,3
21,C000021,2023-03-01,2025-08-02,True,Client 21 (Pty) Ltd,REG0000021,2022-07-25,24,6-20,< R5m,Small,Verified,RM025,4,4
22,C000022,2023-03-01,2025-08-02,True,Client 22 (Pty) Ltd,REG0000022,2022-07-16,28,6-20,< R5m,Micro,Verified,RM023,21,8
23,C000023,2023-03-01,2025-08-02,True,Client 23 (Pty) Ltd,REG0000023,2018-05-01,26,1-5,< R5m,Micro,Verified,RM023,9,9
24,C000024,2023-03-01,2025-08-02,True,Client 24 (Pty) Ltd,REG0000024,2019-09-12,2,6-20,< R5m,Small,Verified,RM017,5,8
25,C000025,2023-03-01,2025-08-02,True,Client 25 (Pty) Ltd,REG0000025,2018-07-23,9,1-5,< R5m,Medium,Verified,RM003,21,10
26,C000026,2023-03-01,2025-08-02,True,Client 26 (Pty) Ltd,REG0000026,2018-12-28,8,6-20,< R5m,Small,Verified,RM030,20,8
27,C000027,2023-03-01,2025-08-02,True,Client 27 (Pty) Ltd,REG0000027,2020-01-28,27,21-50,< R5m,Medium,Verified,RM008,18,7
28,C000028,2023-03-01,2025-08-02,True,Client 28 (Pty) Ltd,REG0000028,2020-12-16,22,6-20,< R5m,Small,Verified,RM006,14,9
29,C000029,2023-03-01,2025-08-02,True,Client 29 (Pty) Ltd,REG0000029,2019-12-27,16,51-100,< R5m,Small,Verified,RM019,10,1
30,C000030,2023-03-01,2025-08-02,True,Client 30 (Pty) Ltd,REG0000030,2018-06-07,22,250+,< R5m,Medium,Verified,RM041,16,3
31,C000031,2023-03-01,2025-08-02,True,Client 31 (Pty) Ltd,REG0000031,2019-08-13,10,51-100,< R5m,Small,Pending,RM057,17,7
32,C000032,2023-03-01,2025-08-02,True,Client 32 (Pty) Ltd,REG0000032,2018-04-02,8,6-20,< R5m,Micro,Verified,RM024,7,4
33,C000033,2023-03-01,2025-08-02,True,Client 33 (Pty) Ltd,REG0000033,2019-11-05,19,1-5,< R5m,Small,Pending,RM013,11,6
34,C000034,2023-03-01,2025-08-02,True,Client 34 (Pty) Ltd,REG0000034,2019-02-18,21,6-20,< R5m,Small,Verified,RM005,10,6
35,C000035,2023-03-01,2025-08-02,True,Client 35 (Pty) Ltd,REG0000035,2022-10-29,28,6-20,< R5m,Corporate,Verified,RM043,9,2
36,C000036,2023-03-01,2025-08-02,True,Client 36 (Pty) Ltd,REG0000036,2021-10-21,17,6-20,< R5m,Micro,Verified,RM050,6,6
37,C000037,2023-03-01,2025-08-02,True,Client 37 (Pty) Ltd,REG0000037,2021-06-17,29,21-50,< R5m,Small,Verified,RM006,13,8
38,C000038,2023-03-01,2025-08-02,True,Client 38 (Pty) Ltd,REG0000038,2018-04-15,18,6-20,< R5m,Corporate,Verified,RM015,15,4
39,C000039,2023-03-01,2025-08-02,True,Client 39 (Pty) Ltd,REG0000039,2018-03-23,22,6-20,< R5m,Micro,Verified,RM007,10,5
40,C000040,2023-03-01,2025-08-02,True,Client 40 (Pty) Ltd,REG0000040,2020-12-13,26,21-50,< R5m,Small,Review,RM018,20,2
41,C000041,2023-03-01,2025-08-02,True,Client 41 (Pty) Ltd,REG0000041,2020-07-16,28,6-20,< R5m,Micro,Verified,RM041,8,1
42,C000042,2023-03-01,2025-08-02,True,Client 42 (Pty) Ltd,REG0000042,2018-05-28,30,6-20,< R5m,Medium,Verified,RM024,3,4
43,C000043,2023-03-01,2025-08-02,True,Client 43 (Pty) Ltd,REG0000043,2022-03-03,24,6-20,< R5m,Medium,Pending,RM024,17,2
44,C000044,2023-03-01,2025-08-02,True,Client 44 (Pty) Ltd,REG0000044,2021-02-02,10,6-20,< R5m,Medium,Verified,RM014,16,4
45,C000045,2023-03-01,2025-08-02,True,Client 45 (Pty) Ltd,REG0000045,2019-04-29,13,1-5,< R5m,Small,Pending,RM018,7,8
46,C000046,2023-03-01,2025-08-02,True,Client 46 (Pty) Ltd,REG0000046,2019-02-23,27,21-50,< R5m,Small,Verified,RM060,4,2
47,C000047,2023-03-01,2025-08-02,True,Client 47 (Pty) Ltd,REG0000047,2019-04-02,18,51-100,< R5m,Medium,Verified,RM042,8,1
48,C000048,2023-03-01,2025-08-02,True,Client 48 (Pty) Ltd,REG0000048,2022-09-06,19,6-20,< R5m,Corporate,Verified,RM039,11,10
49,C000049,2023-03-01,2025-08-02,True,Client 49 (Pty) Ltd,REG0000049,2019-07-10,15,21-50,< R5m,Medium,Verified,RM011,8,2
50,C000050,2023-03-01,2025-08-02,True,Client 50 (Pty) Ltd,REG0000050,2020-02-02,12,1-5,< R5m,Small,Verified,RM047,20,3
51,C000051,2023-03-01,2025-08-02,True,Client 51 (Pty) Ltd,REG0000051,2021-09-16,26,101-250,< R5m,Medium,Verified,RM011,7,3
52,C000052,2023-03-01,2025-08-02,True,Client 52 (Pty) Ltd,REG0000052,2020-06-28,27,6-20,< R5m,Medium,Verified,RM025,4,10
53,C000053,2023-03-01,2025-08-02,True,Client 53 (Pty) Ltd,REG0000053,2021-07-27,24,6-20,< R5m,Micro,Verified,RM060,1,1
54,C000054,2023-03-01,2025-08-02,True,Client 54 (Pty) Ltd,REG0000054,2019-06-30,29,6-20,< R5m,Micro,Verified,RM045,3,10
55,C000055,2023-03-01,2025-08-02,True,Client 55 (Pty) Ltd,REG0000055,2019-12-17,22,21-50,< R5m,Micro,Verified,RM015,16,1
56,C000056,2023-03-01,2025-08-02,True,Client 56 (Pty) Ltd,REG0000056,2019-03-30,17,6-20,< R5m,Small,Verified,RM021,17,6
57,C000057,2023-03-01,2025-08-02,True,Client 57 (Pty) Ltd,REG0000057,2018-05-10,9,250+,< R5m,Medium,Verified,RM050,21,7
58,C000058,2023-03-01,2025-08-02,True,Client 58 (Pty) Ltd,REG0000058,2018-09-24,13,51-100,< R5m,Medium,Verified,RM004,16,9
59,C000059,2023-03-01,2025-08-02,True,Client 59 (Pty) Ltd,REG0000059,2021-10-18,24,51-100,< R5m,Small,Verified,RM053,12,1
60,C000060,2023-03-01,2025-08-02,True,Client 60 (Pty) Ltd,REG0000060,2022-11-26,29,51-100,< R5m,Micro,Verified,RM052,13,7
61,C000061,2023-03-01,2025-08-02,True,Client 61 (Pty) Ltd,REG0000061,2021-04-24,23,6-20,< R5m,Small,Verified,RM026,14,7
62,C000062,2023-03-01,2025-08-02,True,Client 62 (Pty) Ltd,REG0000062,2021-07-31,27,51-100,< R5m,Micro,Verified,RM005,3,8
63,C000063,2023-03-01,2025-08-02,True,Client 63 (Pty) Ltd,REG0000063,2021-11-24,10,6-20,< R5m,Small,Verified,RM059,6,6
64,C000064,2023-03-01,2025-08-02,True,Client 64 (Pty) Ltd,REG0000064,2019-11-26,16,6-20,< R5m,Small,Verified,RM057,11,10
65,C000065,2023-03-01,2025-08-02,True,Client 65 (Pty) Ltd,REG0000065,2019-01-21,23,21-50,< R5m,Small,Verified,RM021,9,5
66,C000066,2023-03-01,2025-08-02,True,Client 66 (Pty) Ltd,REG0000066,2021-11-21,25,1-5,< R5m,Micro,Verified,RM042,11,8
67,C000067,2023-03-01,2025-08-02,True,Client 67 (Pty) Ltd,REG0000067,2020-04-13,17,51-100,< R5m,Medium,Verified,RM026,18,3
68,C000068,2023-03-01,2025-08-02,True,Client 68 (Pty) Ltd,REG0000068,2019-06-24,5,1-5,< R5m,Micro,Pending,RM030,8,7
69,C000069,2023-03-01,2025-08-02,True,Client 69 (Pty) Ltd,REG0000069,2022-04-13,15,1-5,< R5m,Small,Review,RM017,19,5
70,C000070,2023-03-01,2025-08-02,True,Client 70 (Pty) Ltd,REG0000070,2022-04-20,21,6-20,< R5m,Micro,Verified,RM016,1,1
71,C000071,2023-03-01,2025-08-02,True,Client 71 (Pty) Ltd,REG0000071,2018-11-27,8,1-5,< R5m,Medium,Verified,RM036,14,10
72,C000072,2023-03-01,2025-08-02,True,Client 72 (Pty) Ltd,REG0000072,2020-01-23,7,1-5,< R5m,Small,Verified,RM017,17,4
73,C000073,2023-03-01,2025-08-02,True,Client 73 (Pty) Ltd,REG0000073,2018-11-23,19,51-100,< R5m,Small,Verified,RM038,21,3
74,C000074,2023-03-01,2025-08-02,True,Client 74 (Pty) Ltd,REG0000074,2020-09-05,24,6-20,< R5m,Medium,Verified,RM058,12,2
75,C000075,2023-03-01,2025-08-02,True,Client 75 (Pty) Ltd,REG0000075,2019-10-23,26,21-50,< R5m,Micro,Verified,RM026,3,6
76,C000076,2023-03-01,2025-08-02,True,Client 76 (Pty) Ltd,REG0000076,2021-01-19,21,1-5,< R5m,Medium,Verified,RM015,9,6
77,C000077,2023-03-01,2025-08-02,True,Client 77 (Pty) Ltd,REG0000077,2022-04-22,16,21-50,< R5m,Small,Verified,RM033,18,1
78,C000078,2023-03-01,2025-08-02,True,Client 78 (Pty) Ltd,REG0000078,2020-04-25,30,101-250,< R5m,Small,Verified,RM006,11,9
79,C000079,2023-03-01,2025-08-02,True,Client 79 (Pty) Ltd,REG0000079,2018-11-05,4,51-100,< R5m,Small,Verified,RM004,21,2
80,C000080,2023-03-01,2025-08-02,True,Client 80 (Pty) Ltd,REG0000080,2018-04-03,13,6-20,< R5m,Medium,Verified,RM008,13,9
81,C000081,2023-03-01,2025-08-02,True,Client 81 (Pty) Ltd,REG0000081,2022-03-23,20,101-250,< R5m,Micro,Verified,RM041,15,9
82,C000082,2023-03-01,2025-08-02,True,Client 82 (Pty) Ltd,REG0000082,2022-03-09,28,6-20,< R5m,Micro,Verified,RM051,3,8
83,C000083,2023-03-01,2025-08-02,True,Client 83 (Pty) Ltd,REG0000083,2019-04-08,30,6-20,< R5m,Small,Verified,RM028,17,3
84,C000084,2023-03-01,2025-08-02,True,Client 84 (Pty) Ltd,REG0000084,2019-09-27,10,6-20,< R5m,Small,Verified,RM005,16,6
85,C000085,2023-03-01,2025-08-02,True,Client 85 (Pty) Ltd,REG0000085,2020-12-03,18,1-5,< R5m,Small,Verified,RM025,7,10
86,C000086,2023-03-01,2025-08-02,True,Client 86 (Pty) Ltd,REG0000086,2019-09-28,25,1-5,< R5m,Small,Verified,RM030,1,4
87,C000087,2023-03-01,2025-08-02,True,Client 87 (Pty) Ltd,REG0000087,2020-02-12,15,6-20,< R5m,Medium,Verified,RM017,10,5
88,C000088,2023-03-01,2025-08-02,True,Client 88 (Pty) Ltd,REG0000088,2019-12-24,27,21-50,< R5m,Medium,Review,RM056,14,10
89,C000089,2023-03-01,2025-08-02,True,Client 89 (Pty) Ltd,REG0000089,2023-01-07,16,250+,< R5m,Medium,Verified,RM044,2,8
90,C000090,2023-03-01,2025-08-02,True,Client 90 (Pty) Ltd,REG0000090,2019-01-15,22,51-100,< R5m,Small,Verified,RM008,6,9
91,C000091,2023-03-01,2025-08-02,True,Client 91 (Pty) Ltd,REG0000091,2019-04-05,29,6-20,< R5m,Small,Verified,RM057,14,9
92,C000092,2023-03-01,2025-08-02,True,Client 92 (Pty) Ltd,REG0000092,2020-01-27,28,6-20,< R5m,Micro,Verified,RM049,10,2
93,C000093,2023-03-01,2025-08-02,True,Client 93 (Pty) Ltd,REG0000093,2021-08-02,23,21-50,< R5m,Small,Verified,RM050,17,2
94,C000094,2023-03-01,2025-08-02,True,Client 94 (Pty) Ltd,REG0000094,2019-06-28,26,6-20,< R5m,Medium,Review,RM022,13,5
95,C000095,2023-03-01,2025-08-02,True,Client 95 (Pty) Ltd,REG0000095,2022-06-16,19,21-50,< R5m,Medium,Verified,RM019,18,6
96,C000096,2023-03-01,2025-08-02,True,Client 96 (Pty) Ltd,REG0000096,2020-08-23,28,6-20,< R5m,Medium,Verified,RM011,6,5
97,C000097,2023-03-01,2025-08-02,True,Client 97 (Pty) Ltd,REG0000097,2020-07-15,28,6-20,< R5m,Micro,Verified,RM001,19,6
98,C000098,2023-03-01,2025-08-02,True,Client 98 (Pty) Ltd,REG0000098,2019-01-13,9,51-100,< R5m,Micro,Verified,RM057,16,2
99,C000099,2023-03-01,2025-08-02,True,Client 99 (Pty) Ltd,REG0000099,2019-01-18,3,101-250,< R5m,Micro,Verified,RM017,14,7
100,C000100,2023-03-01,2025-08-02,True,Client 100 (Pty) Ltd,REG0000100,2020-04-10,28,51-100,< R5m,Micro,Verified,RM049,8,2
101,C000101,2023-03-01,2025-08-02,True,Client 101 (Pty) Ltd,REG0000101,2022-01-30,25,1-5,< R5m,Small,Verified,RM033,7,2
102,C000102,2023-03-01,2025-08-02,True,Client 102 (Pty) Ltd,REG0000102,2022-06-27,9,21-50,< R5m,Small,Verified,RM056,18,9
103,C000103,2023-03-01,2025-08-02,True,Client 103 (Pty) Ltd,REG0000103,2019-07-30,23,6-20,< R5m,Micro,Verified,RM020,4,1
104,C000104,2023-03-01,2025-08-02,True,Client 104 (Pty) Ltd,REG0000104,2018-05-13,26,6-20,< R5m,Micro,Verified,RM041,17,3
105,C000105,2023-03-01,2025-08-02,True,Client 105 (Pty) Ltd,REG0000105,2020-03-27,10,6-20,< R5m,Medium,Verified,RM039,10,6
106,C000106,2023-03-01,2025-08-02,True,Client 106 (Pty) Ltd,REG0000106,2021-12-19,25,21-50,< R5m,Medium,Verified,RM010,11,3
107,C000107,2023-03-01,2025-08-02,True,Client 107 (Pty) Ltd,REG0000107,2020-12-26,24,6-20,< R5m,Micro,Verified,RM049,16,7
108,C000108,2023-03-01,2025-08-02,True,Client 108 (Pty) Ltd,REG0000108,2022-03-06,0,6-20,< R5m,Small,Review,RM035,9,9
109,C000109,2023-03-01,2025-08-02,True,Client 109 (Pty) Ltd,REG0000109,2018-09-19,22,21-50,< R5m,Small,Verified,RM060,12,6
110,C000110,2023-03-01,2025-08-02,True,Client 110 (Pty) Ltd,REG0000110,2020-02-09,8,101-250,< R5m,Small,Verified,RM059,2,7
111,C000111,2023-03-01,2025-08-02,True,Client 111 (Pty) Ltd,REG0000111,2023-01-29,21,6-20,< R5m,Micro,Verified,RM039,9,1
112,C000112,2023-03-01,2025-08-02,True,Client 112 (Pty) Ltd,REG0000112,2021-04-07,26,6-20,< R5m,Small,Verified,RM032,19,3
113,C000113,2023-03-01,2025-08-02,True,Client 113 (Pty) Ltd,REG0000113,2022-12-22,4,6-20,< R5m,Corporate,Verified,RM008,12,10
114,C000114,2023-03-01,2025-08-02,True,Client 114 (Pty) Ltd,REG0000114,2021-01-17,20,21-50,< R5m,Micro,Verified,RM057,12,2
115,C000115,2023-03-01,2025-08-02,True,Client 115 (Pty) Ltd,REG0000115,2018-06-02,25,21-50,< R5m,Small,Verified,RM052,19,2
116,C000116,2023-03-01,2025-08-02,True,Client 116 (Pty) Ltd,REG0000116,2021-05-11,14,6-20,< R5m,Medium,Verified,RM016,1,8
117,C000117,2023-03-01,2025-08-02,True,Client 117 (Pty) Ltd,REG0000117,2022-10-04,8,6-20,< R5m,Micro,Review,RM016,10,7
118,C000118,2023-03-01,2025-08-02,True,Client 118 (Pty) Ltd,REG0000118,2019-11-26,9,21-50,< R5m,Medium,Verified,RM006,14,8
119,C000119,2023-03-01,2025-08-02,True,Client 119 (Pty) Ltd,REG0000119,2022-08-08,28,1-5,< R5m,Medium,Verified,RM047,13,2
120,C000120,2023-03-01,2025-08-02,True,Client 120 (Pty) Ltd,REG0000120,2020-05-10,13,6-20,< R5m,Micro,Verified,RM053,11,3
121,C000121,2023-03-01,2025-08-02,True,Client 121 (Pty) Ltd,REG0000121,2022-09-11,30,1-5,< R5m,Medium,Verified,RM049,9,3
122,C000122,2023-03-01,2025-08-02,True,Client 122 (Pty) Ltd,REG0000122,2020-02-05,13,1-5,< R5m,Corporate,Verified,RM050,1,1
123,C000123,2023-03-01,2025-08-02,True,Client 123 (Pty) Ltd,REG0000123,2022-05-18,18,1-5,< R5m,Small,Pending,RM009,7,7
124,C000124,2023-03-01,2025-08-02,True,Client 124 (Pty) Ltd,REG0000124,2019-05-20,24,21-50,< R5m,Micro,Verified,RM031,7,7
125,C000125,2023-03-01,2025-08-02,True,Client 125 (Pty) Ltd,REG0000125,2020-01-01,13,250+,< R5m,Small,Verified,RM011,13,6
126,C000126,2023-03-01,2025-08-02,True,Client 126 (Pty) Ltd,REG0000126,2021-08-06,22,6-20,< R5m,Small,Verified,RM034,14,8
127,C000127,2023-03-01,2025-08-02,True,Client 127 (Pty) Ltd,REG0000127,2018-03-11,13,21-50,< R5m,Medium,Verified,RM039,8,9
128,C000128,2023-03-01,2025-08-02,True,Client 128 (Pty) Ltd,REG0000128,2020-09-16,18,21-50,< R5m,Small,Verified,RM014,4,2
129,C000129,2023-03-01,2025-08-02,True,Client 129 (Pty) Ltd,REG0000129,2020-01-22,30,6-20,< R5m,Small,Verified,RM049,18,1
130,C000130,2023-03-01,2025-08-02,True,Client 130 (Pty) Ltd,REG0000130,2018-12-28,28,21-50,< R5m,Small,Verified,RM045,16,10
131,C000131,2023-03-01,2025-08-02,True,Client 131 (Pty) Ltd,REG0000131,2021-12-15,30,1-5,< R5m,Small,Verified,RM046,4,5
132,C000132,2023-03-01,2025-08-02,True,Client 132 (Pty) Ltd,REG0000132,2021-05-02,27,6-20,< R5m,Micro,Verified,RM026,5,3
133,C000133,2023-03-01,2025-08-02,True,Client 133 (Pty) Ltd,REG0000133,2019-04-26,28,21-50,< R5m,Small,Verified,RM042,14,10
134,C000134,2023-03-01,2025-08-02,True,Client 134 (Pty) Ltd,REG0000134,2020-12-27,12,6-20,< R5m,Micro,Verified,RM029,12,3
135,C000135,2023-03-01,2025-08-02,True,Client 135 (Pty) Ltd,REG0000135,2020-03-07,27,21-50,< R5m,Small,Verified,RM029,21,2
136,C000136,2023-03-01,2025-08-02,True,Client 136 (Pty) Ltd,REG0000136,2022-05-28,26,6-20,< R5m,Medium,Verified,RM016,10,7
137,C000137,2023-03-01,2025-08-02,True,Client 137 (Pty) Ltd,REG0000137,2021-10-27,24,21-50,< R5m,Micro,Verified,RM005,13,9
138,C000138,2023-03-01,2025-08-02,True,Client 138 (Pty) Ltd,REG0000138,2021-03-09,25,1-5,< R5m,Small,Verified,RM002,9,7
139,C000139,2023-03-01,2025-08-02,True,Client 139 (Pty) Ltd,REG0000139,2019-10-14,30,51-100,< R5m,Micro,Verified,RM036,4,2
140,C000140,2023-03-01,2025-08-02,True,Client 140 (Pty) Ltd,REG0000140,2021-10-16,9,6-20,< R5m,Medium,Verified,RM038,19,10
141,C000141,2023-03-01,2025-08-02,True,Client 141 (Pty) Ltd,REG0000141,2021-11-05,30,21-50,< R5m,Medium,Pending,RM001,4,3
142,C000142,2023-03-01,2025-08-02,True,Client 142 (Pty) Ltd,REG0000142,2022-09-07,23,6-20,< R5m,Small,Verified,RM046,15,4
143,C000143,2023-03-01,2025-08-02,True,Client 143 (Pty) Ltd,REG0000143,2019-07-18,28,6-20,< R5m,Small,Verified,RM004,1,7
144,C000144,2023-03-01,2025-08-02,True,Client 144 (Pty) Ltd,REG0000144,2021-10-19,30,21-50,< R5m,Small,Verified,RM005,6,4
145,C000145,2023-03-01,2025-08-02,True,Client 145 (Pty) Ltd,REG0000145,2022-11-27,23,6-20,< R5m,Medium,Verified,RM056,2,3
146,C000146,2023-03-01,2025-08-02,True,Client 146 (Pty) Ltd,REG0000146,2021-03-25,24,6-20,< R5m,Medium,Pending,RM005,15,9
147,C000147,2023-03-01,2025-08-02,True,Client 147 (Pty) Ltd,REG0000147,2020-03-14,30,101-250,< R5m,Micro,Verified,RM016,12,7
148,C000148,2023-03-01,2025-08-02,True,Client 148 (Pty) Ltd,REG0000148,2021-07-09,29,51-100,< R5m,Micro,Verified,RM043,6,1
149,C000149,2023-03-01,2025-08-02,True,Client 149 (Pty) Ltd,REG0000149,2020-05-11,15,1-5,< R5m,Micro,Verified,RM014,7,1
150,C000150,2023-03-01,2025-08-02,True,Client 150 (Pty) Ltd,REG0000150,2020-01-22,12,250+,< R5m,Small,Verified,RM009,21,6
151,C000151,2023-03-01,2025-08-02,True,Client 151 (Pty) Ltd,REG0000151,2019-01-10,29,1-5,< R5m,Small,Verified,RM060,7,4
152,C000152,2023-03-01,2025-08-02,True,Client 152 (Pty) Ltd,REG0000152,2019-11-18,7,6-20,< R5m,Small,Verified,RM037,8,6
153,C000153,2023-03-01,2025-08-02,True,Client 153 (Pty) Ltd,REG0000153,2020-06-06,17,21-50,< R5m,Small,Verified,RM016,13,6
154,C000154,2023-03-01,2025-08-02,True,Client 154 (Pty) Ltd,REG0000154,2018-09-07,24,51-100,< R5m,Medium,Verified,RM031,1,8
155,C000155,2023-03-01,2025-08-02,True,Client 155 (Pty) Ltd,REG0000155,2018-07-22,27,21-50,< R5m,Medium,Verified,RM027,8,5
156,C000156,2023-03-01,2025-08-02,True,Client 156 (Pty) Ltd,REG0000156,2022-01-06,1,21-50,< R5m,Micro,Verified,RM007,13,9
157,C000157,2023-03-01,2025-08-02,True,Client 157 (Pty) Ltd,REG0000157,2022-07-16,25,6-20,< R5m,Micro,Verified,RM043,3,9
158,C000158,2023-03-01,2025-08-02,True,Client 158 (Pty) Ltd,REG0000158,2020-08-31,24,51-100,< R5m,Small,Verified,RM023,1,8
159,C000159,2023-03-01,2025-08-02,True,Client 159 (Pty) Ltd,REG0000159,2020-09-15,15,6-20,< R5m,Medium,Verified,RM027,6,1
160,C000160,2023-03-01,2025-08-02,True,Client 160 (Pty) Ltd,REG0000160,2020-06-18,28,101-250,< R5m,Medium,Verified,RM056,10,1
161,C000161,2023-03-01,2025-08-02,True,Client 161 (Pty) Ltd,REG0000161,2018-12-29,2,21-50,< R5m,Small,Verified,RM004,3,3
162,C000162,2023-03-01,2025-08-02,True,Client 162 (Pty) Ltd,REG0000162,2019-04-22,24,21-50,< R5m,Medium,Verified,RM042,1,3
163,C000163,2023-03-01,2025-08-02,True,Client 163 (Pty) Ltd,REG0000163,2019-06-17,0,21-50,< R5m,Micro,Verified,RM007,3,6
164,C000164,2023-03-01,2025-08-02,True,Client 164 (Pty) Ltd,REG0000164,2022-09-28,22,51-100,< R5m,Micro,Verified,RM026,12,1
165,C000165,2023-03-01,2025-08-02,True,Client 165 (Pty) Ltd,REG0000165,2018-12-31,12,6-20,< R5m,Micro,Verified,RM022,18,7
166,C000166,2023-03-01,2025-08-02,True,Client 166 (Pty) Ltd,REG0000166,2018-08-05,11,21-50,< R5m,Small,Verified,RM056,14,6
167,C000167,2023-03-01,2025-08-02,True,Client 167 (Pty) Ltd,REG0000167,2022-06-21,4,6-20,< R5m,Micro,Verified,RM016,12,7
168,C000168,2023-03-01,2025-08-02,True,Client 168 (Pty) Ltd,REG0000168,2022-01-03,22,51-100,< R5m,Small,Verified,RM013,12,5
169,C000169,2023-03-01,2025-08-02,True,Client 169 (Pty) Ltd,REG0000169,2020-01-28,11,21-50,< R5m,Small,Verified,RM029,13,3
170,C000170,2023-03-01,2025-08-02,True,Client 170 (Pty) Ltd,REG0000170,2022-04-18,19,21-50,< R5m,Medium,Verified,RM028,14,8
171,C000171,2023-03-01,2025-08-02,True,Client 171 (Pty) Ltd,REG0000171,2022-01-20,27,21-50,< R5m,Small,Verified,RM018,15,4
172,C000172,2023-03-01,2025-08-02,True,Client 172 (Pty) Ltd,REG0000172,2020-06-27,7,51-100,< R5m,Medium,Verified,RM016,9,6
173,C000173,2023-03-01,2025-08-02,True,Client 173 (Pty) Ltd,REG0000173,2018-03-07,5,1-5,< R5m,Small,Verified,RM060,6,7
174,C000174,2023-03-01,2025-08-02,True,Client 174 (Pty) Ltd,REG0000174,2022-08-29,23,51-100,< R5m,Micro,Verified,RM029,11,6
175,C000175,2023-03-01,2025-08-02,True,Client 175 (Pty) Ltd,REG0000175,2018-07-21,21,6-20,< R5m,Micro,Verified,RM056,20,9
176,C000176,2023-03-01,2025-08-02,True,Client 176 (Pty) Ltd,REG0000176,2018-04-13,22,6-20,< R5m,Small,Verified,RM036,17,1
177,C000177,2023-03-01,2025-08-02,True,Client 177 (Pty) Ltd,REG0000177,2022-07-14,22,1-5,< R5m,Micro,Verified,RM004,15,8
178,C000178,2023-03-01,2025-08-02,True,Client 178 (Pty) Ltd,REG0000178,2019-06-05,27,1-5,< R5m,Medium,Verified,RM035,5,1
179,C000179,2023-03-01,2025-08-02,True,Client 179 (Pty) Ltd,REG0000179,2018-05-24,25,6-20,< R5m,Micro,Verified,RM001,2,3
180,C000180,2023-03-01,2025-08-02,True,Client 180 (Pty) Ltd,REG0000180,2022-07-23,10,101-250,< R5m,Small,Verified,RM060,3,6
181,C000181,2023-03-01,2025-08-02,True,Client 181 (Pty) Ltd,REG0000181,2018-11-09,20,1-5,< R5m,Medium,Verified,RM055,15,5
182,C000182,2023-03-01,2025-08-02,True,Client 182 (Pty) Ltd,REG0000182,2021-10-03,24,21-50,< R5m,Medium,Pending,RM011,14,7
183,C000183,2023-03-01,2025-08-02,True,Client 183 (Pty) Ltd,REG0000183,2020-10-20,25,6-20,< R5m,Medium,Verified,RM032,5,10
184,C000184,2023-03-01,2025-08-02,True,Client 184 (Pty) Ltd,REG0000184,2020-05-20,30,6-20,< R5m,Corporate,Pending,RM014,1,4
185,C000185,2023-03-01,2025-08-02,True,Client 185 (Pty) Ltd,REG0000185,2018-03-27,11,51-100,< R5m,Small,Verified,RM026,10,3
186,C000186,2023-03-01,2025-08-02,True,Client 186 (Pty) Ltd,REG0000186,2022-10-02,25,51-100,< R5m,Medium,Verified,RM011,11,10
187,C000187,2023-03-01,2025-08-02,True,Client 187 (Pty) Ltd,REG0000187,2020-12-15,28,1-5,< R5m,Corporate,Verified,RM001,19,4
188,C000188,2023-03-01,2025-08-02,True,Client 188 (Pty) Ltd,REG0000188,2020-11-22,10,6-20,< R5m,Micro,Verified,RM017,15,2
189,C000189,2023-03-01,2025-08-02,True,Client 189 (Pty) Ltd,REG0000189,2018-09-08,7,1-5,< R5m,Micro,Verified,RM051,13,7
190,C000190,2023-03-01,2025-08-02,True,Client 190 (Pty) Ltd,REG0000190,2020-07-13,27,21-50,< R5m,Small,Verified,RM019,14,9
191,C000191,2023-03-01,2025-08-02,True,Client 191 (Pty) Ltd,REG0000191,2020-09-16,23,21-50,< R5m,Medium,Verified,RM045,2,4
192,C000192,2023-03-01,2025-08-02,True,Client 192 (Pty) Ltd,REG0000192,2018-12-26,19,51-100,< R5m,Micro,Verified,RM051,3,5
193,C000193,2023-03-01,2025-08-02,True,Client 193 (Pty) Ltd,REG0000193,2019-12-19,22,21-50,< R5m,Micro,Verified,RM043,4,7
194,C000194,2023-03-01,2025-08-02,True,Client 194 (Pty) Ltd,REG0000194,2019-01-20,13,21-50,< R5m,Medium,Verified,RM032,11,6
195,C000195,2023-03-01,2025-08-02,True,Client 195 (Pty) Ltd,REG0000195,2022-03-19,4,6-20,< R5m,Small,Verified,RM013,16,3
196,C000196,2023-03-01,2025-08-02,True,Client 196 (Pty) Ltd,REG0000196,2021-06-02,11,1-5,< R5m,Micro,Review,RM014,6,3
197,C000197,2023-03-01,2025-08-02,True,Client 197 (Pty) Ltd,REG0000197,2022-10-03,6,21-50,< R5m,Small,Verified,RM038,1,10
198,C000198,2023-03-01,2025-08-02,True,Client 198 (Pty) Ltd,REG0000198,2018-12-16,27,6-20,< R5m,Micro,Verified,RM035,16,4
199,C000199,2023-03-01,2025-08-02,True,Client 199 (Pty) Ltd,REG0000199,2022-09-28,20,51-100,< R5m,Micro,Verified,RM048,14,7
200,C000200,2023-03-01,2025-08-02,True,Client 200 (Pty) Ltd,REG0000200,2021-04-28,27,6-20,< R5m,Micro,Verified,RM004,5,9
201,C000201,2023-03-01,2025-08-02,True,Client 201 (Pty) Ltd,REG0000201,2022-10-20,17,250+,< R5m,Small,Verified,RM038,4,3
202,C000202,2023-03-01,2025-08-02,True,Client 202 (Pty) Ltd,REG0000202,2020-05-29,30,6-20,< R5m,Small,Verified,RM033,6,1
203,C000203,2023-03-01,2025-08-02,True,Client 203 (Pty) Ltd,REG0000203,2018-04-20,12,6-20,< R5m,Small,Verified,RM034,21,10
204,C000204,2023-03-01,2025-08-02,True,Client 204 (Pty) Ltd,REG0000204,2022-03-14,20,51-100,< R5m,Micro,Verified,RM004,22,4
205,C000205,2023-03-01,2025-08-02,True,Client 205 (Pty) Ltd,REG0000205,2020-03-26,23,51-100,< R5m,Small,Verified,RM006,22,5
206,C000206,2023-03-01,2025-08-02,True,Client 206 (Pty) Ltd,REG0000206,2018-04-23,22,6-20,< R5m,Medium,Verified,RM012,6,8
207,C000207,2023-03-01,2025-08-02,True,Client 207 (Pty) Ltd,REG0000207,2022-09-12,4,51-100,< R5m,Small,Verified,RM039,21,6
208,C000208,2023-03-01,2025-08-02,True,Client 208 (Pty) Ltd,REG0000208,2022-09-13,16,21-50,< R5m,Small,Verified,RM044,8,1
209,C000209,2023-03-01,2025-08-02,True,Client 209 (Pty) Ltd,REG0000209,2018-04-01,20,101-250,< R5m,Medium,Verified,RM016,20,7
210,C000210,2023-03-01,2025-08-02,True,Client 210 (Pty) Ltd,REG0000210,2020-10-26,29,1-5,< R5m,Medium,Pending,RM008,4,2
211,C000211,2023-03-01,2025-08-02,True,Client 211 (Pty) Ltd,REG0000211,2019-11-21,28,1-5,< R5m,Micro,Verified,RM016,8,7
212,C000212,2023-03-01,2025-08-02,True,Client 212 (Pty) Ltd,REG0000212,2019-11-02,20,6-20,< R5m,Corporate,Verified,RM039,2,5
213,C000213,2023-03-01,2025-08-02,True,Client 213 (Pty) Ltd,REG0000213,2022-11-10,15,51-100,< R5m,Micro,Verified,RM040,11,1
214,C000214,2023-03-01,2025-08-02,True,Client 214 (Pty) Ltd,REG0000214,2022-08-16,0,6-20,< R5m,Corporate,Verified,RM027,3,2
215,C000215,2023-03-01,2025-08-02,True,Client 215 (Pty) Ltd,REG0000215,2019-05-25,25,1-5,< R5m,Medium,Verified,RM038,7,5
216,C000216,2023-03-01,2025-08-02,True,Client 216 (Pty) Ltd,REG0000216,2019-11-30,15,51-100,< R5m,Micro,Verified,RM034,19,1
217,C000217,2023-03-01,2025-08-02,True,Client 217 (Pty) Ltd,REG0000217,2021-04-23,2,6-20,< R5m,Micro,Verified,RM060,4,1
218,C000218,2023-03-01,2025-08-02,True,Client 218 (Pty) Ltd,REG0000218,2021-08-14,27,1-5,< R5m,Medium,Verified,RM014,8,9
219,C000219,2023-03-01,2025-08-02,True,Client 219 (Pty) Ltd,REG0000219,2019-04-30,27,101-250,< R5m,Small,Pending,RM046,11,4
220,C000220,2023-03-01,2025-08-02,True,Client 220 (Pty) Ltd,REG0000220,2021-04-27,26,6-20,< R5m,Micro,Verified,RM016,14,10
221,C000221,2023-03-01,2025-08-02,True,Client 221 (Pty) Ltd,REG0000221,2021-08-05,24,1-5,< R5m,Medium,Verified,RM026,11,3
222,C000222,2023-03-01,2025-08-02,True,Client 222 (Pty) Ltd,REG0000222,2022-05-07,30,6-20,< R5m,Micro,Verified,RM043,20,3
223,C000223,2023-03-01,2025-08-02,True,Client 223 (Pty) Ltd,REG0000223,2019-06-19,10,1-5,< R5m,Small,Verified,RM020,18,7
224,C000224,2023-03-01,2025-08-02,True,Client 224 (Pty) Ltd,REG0000224,2020-07-08,9,21-50,< R5m,Small,Pending,RM021,9,3
225,C000225,2023-03-01,2025-08-02,True,Client 225 (Pty) Ltd,REG0000225,2018-11-13,29,1-5,< R5m,Micro,Pending,RM060,7,10
226,C000226,2023-03-01,2025-08-02,True,Client 226 (Pty) Ltd,REG0000226,2022-09-04,24,6-20,< R5m,Small,Verified,RM001,2,1
227,C000227,2023-03-01,2025-08-02,True,Client 227 (Pty) Ltd,REG0000227,2020-07-06,12,1-5,< R5m,Small,Pending,RM040,13,6
228,C000228,2023-03-01,2025-08-02,True,Client 228 (Pty) Ltd,REG0000228,2019-12-04,10,1-5,< R5m,Small,Pending,RM007,18,10
229,C000229,2023-03-01,2025-08-02,True,Client 229 (Pty) Ltd,REG0000229,2022-09-02,6,6-20,< R5m,Medium,Pending,RM035,3,6
230,C000230,2023-03-01,2025-08-02,True,Client 230 (Pty) Ltd,REG0000230,2021-11-20,28,6-20,< R5m,Small,Verified,RM033,19,9
231,C000231,2023-03-01,2025-08-02,True,Client 231 (Pty) Ltd,REG0000231,2021-08-05,18,21-50,< R5m,Small,Verified,RM009,18,9
232,C000232,2023-03-01,2025-08-02,True,Client 232 (Pty) Ltd,REG0000232,2021-02-15,16,250+,< R5m,Small,Verified,RM057,4,4
233,C000233,2023-03-01,2025-08-02,True,Client 233 (Pty) Ltd,REG0000233,2022-09-12,8,6-20,< R5m,Small,Verified,RM057,12,5
234,C000234,2023-03-01,2025-08-02,True,Client 234 (Pty) Ltd,REG0000234,2021-09-17,26,21-50,< R5m,Small,Verified,RM024,4,8
235,C000235,2023-03-01,2025-08-02,True,Client 235 (Pty) Ltd,REG0000235,2021-06-26,18,250+,< R5m,Micro,Verified,RM011,10,4
236,C000236,2023-03-01,2025-08-02,True,Client 236 (Pty) Ltd,REG0000236,2020-08-16,17,101-250,< R5m,Micro,Verified,RM054,16,2
237,C000237,2023-03-01,2025-08-02,True,Client 237 (Pty) Ltd,REG0000237,2020-01-14,28,6-20,< R5m,Small,Verified,RM046,17,2
238,C000238,2023-03-01,2025-08-02,True,Client 238 (Pty) Ltd,REG0000238,2021-05-21,28,1-5,< R5m,Medium,Verified,RM040,21,3
239,C000239,2023-03-01,2025-08-02,True,Client 239 (Pty) Ltd,REG0000239,2018-07-23,22,6-20,< R5m,Micro,Verified,RM042,10,3
240,C000240,2023-03-01,2025-08-02,True,Client 240 (Pty) Ltd,REG0000240,2020-02-12,18,21-50,< R5m,Micro,Verified,RM001,18,3
241,C000241,2023-03-01,2025-08-02,True,Client 241 (Pty) Ltd,REG0000241,2019-05-04,3,1-5,< R5m,Small,Verified,RM053,18,9
242,C000242,2023-03-01,2025-08-02,True,Client 242 (Pty) Ltd,REG0000242,2019-12-22,19,250+,< R5m,Medium,Verified,RM020,16,9
243,C000243,2023-03-01,2025-08-02,True,Client 243 (Pty) Ltd,REG0000243,2019-05-13,17,6-20,< R5m,Corporate,Verified,RM007,17,10
244,C000244,2023-03-01,2025-08-02,True,Client 244 (Pty) Ltd,REG0000244,2022-04-30,23,21-50,< R5m,Medium,Verified,RM017,12,7
245,C000245,2023-03-01,2025-08-02,True,Client 245 (Pty) Ltd,REG0000245,2022-06-08,26,51-100,< R5m,Small,Verified,RM057,21,4
246,C000246,2023-03-01,2025-08-02,True,Client 246 (Pty) Ltd,REG0000246,2022-06-25,29,1-5,< R5m,Small,Verified,RM048,11,2
247,C000247,2023-03-01,2025-08-02,True,Client 247 (Pty) Ltd,REG0000247,2019-12-24,28,6-20,< R5m,Small,Pending,RM010,6,10
248,C000248,2023-03-01,2025-08-02,True,Client 248 (Pty) Ltd,REG0000248,2021-07-22,30,21-50,< R5m,Micro,Verified,RM019,7,5
249,C000249,2023-03-01,2025-08-02,True,Client 249 (Pty) Ltd,REG0000249,2019-09-10,22,6-20,< R5m,Medium,Verified,RM014,10,2
250,C000250,2023-03-01,2025-08-02,True,Client 250 (Pty) Ltd,REG0000250,2019-01-22,13,21-50,< R5m,Small,Verified,RM022,5,5
251,C000251,2023-03-01,2025-08-02,True,Client 251 (Pty) Ltd,REG0000251,2021-12-10,19,6-20,< R5m,Small,Verified,RM044,3,6
252,C000252,2023-03-01,2025-08-02,True,Client 252 (Pty) Ltd,REG0000252,2019-07-12,22,1-5,< R5m,Small,Verified,RM055,2,2
253,C000253,2023-03-01,2025-08-02,True,Client 253 (Pty) Ltd,REG0000253,2021-08-08,26,6-20,< R5m,Micro,Verified,RM033,6,5
254,C000254,2023-03-01,2025-08-02,True,Client 254 (Pty) Ltd,REG0000254,2020-05-05,23,6-20,< R5m,Micro,Verified,RM017,19,10
255,C000255,2023-03-01,2025-08-02,True,Client 255 (Pty) Ltd,REG0000255,2018-05-04,21,21-50,< R5m,Small,Verified,RM004,16,5
256,C000256,2023-03-01,2025-08-02,True,Client 256 (Pty) Ltd,REG0000256,2022-07-25,5,6-20,< R5m,Micro,Verified,RM041,17,3
257,C000257,2023-03-01,2025-08-02,True,Client 257 (Pty) Ltd,REG0000257,2020-09-15,16,51-100,< R5m,Medium,Verified,RM054,17,10
258,C000258,2023-03-01,2025-08-02,True,Client 258 (Pty) Ltd,REG0000258,2021-07-13,21,6-20,< R5m,Micro,Verified,RM003,15,8
259,C000259,2023-03-01,2025-08-02,True,Client 259 (Pty) Ltd,REG0000259,2023-01-23,30,51-100,< R5m,Medium,Verified,RM022,3,6
260,C000260,2023-03-01,2025-08-02,True,Client 260 (Pty) Ltd,REG0000260,2018-10-04,21,1-5,< R5m,Micro,Verified,RM009,12,2
261,C000261,2023-03-01,2025-08-02,True,Client 261 (Pty) Ltd,REG0000261,2019-07-06,27,6-20,< R5m,Small,Verified,RM017,7,5
262,C000262,2023-03-01,2025-08-02,True,Client 262 (Pty) Ltd,REG0000262,2022-03-06,15,1-5,< R5m,Micro,Verified,RM048,13,6
263,C000263,2023-03-01,2025-08-02,True,Client 263 (Pty) Ltd,REG0000263,2020-08-09,1,6-20,< R5m,Micro,Verified,RM036,15,2
264,C000264,2023-03-01,2025-08-02,True,Client 264 (Pty) Ltd,REG0000264,2019-02-15,20,6-20,< R5m,Micro,Verified,RM028,5,6
265,C000265,2023-03-01,2025-08-02,True,Client 265 (Pty) Ltd,REG0000265,2019-12-09,18,1-5,< R5m,Micro,Verified,RM001,21,5
266,C000266,2023-03-01,2025-08-02,True,Client 266 (Pty) Ltd,REG0000266,2022-06-15,22,250+,< R5m,Micro,Verified,RM005,6,10
267,C000267,2023-03-01,2025-08-02,True,Client 267 (Pty) Ltd,REG0000267,2019-03-17,22,6-20,< R5m,Medium,Verified,RM058,1,6
268,C000268,2023-03-01,2025-08-02,True,Client 268 (Pty) Ltd,REG0000268,2022-03-31,26,1-5,< R5m,Micro,Verified,RM035,9,4
269,C000269,2023-03-01,2025-08-02,True,Client 269 (Pty) Ltd,REG0000269,2022-11-18,16,6-20,< R5m,Micro,Verified,RM054,19,9
270,C000270,2023-03-01,2025-08-02,True,Client 270 (Pty) Ltd,REG0000270,2021-01-04,12,6-20,< R5m,Medium,Verified,RM038,11,5
271,C000271,2023-03-01,2025-08-02,True,Client 271 (Pty) Ltd,REG0000271,2019-12-26,11,6-20,< R5m,Small,Pending,RM010,7,1
272,C000272,2023-03-01,2025-08-02,True,Client 272 (Pty) Ltd,REG0000272,2020-09-02,18,101-250,< R5m,Micro,Verified,RM009,11,7
273,C000273,2023-03-01,2025-08-02,True,Client 273 (Pty) Ltd,REG0000273,2022-11-06,19,6-20,< R5m,Micro,Verified,RM020,22,7
274,C000274,2023-03-01,2025-08-02,True,Client 274 (Pty) Ltd,REG0000274,2021-01-14,30,101-250,< R5m,Medium,Verified,RM058,10,4
275,C000275,2023-03-01,2025-08-02,True,Client 275 (Pty) Ltd,REG0000275,2018-08-14,18,6-20,< R5m,Medium,Verified,RM056,18,5
276,C000276,2023-03-01,2025-08-02,True,Client 276 (Pty) Ltd,REG0000276,2022-11-10,10,6-20,< R5m,Medium,Verified,RM058,2,9
277,C000277,2023-03-01,2025-08-02,True,Client 277 (Pty) Ltd,REG0000277,2021-01-28,23,1-5,< R5m,Medium,Verified,RM014,18,10
278,C000278,2023-03-01,2025-08-02,True,Client 278 (Pty) Ltd,REG0000278,2019-04-05,10,6-20,< R5m,Small,Verified,RM016,15,1
279,C000279,2023-03-01,2025-08-02,True,Client 279 (Pty) Ltd,REG0000279,2019-05-06,15,51-100,< R5m,Corporate,Verified,RM007,12,7
280,C000280,2023-03-01,2025-08-02,True,Client 280 (Pty) Ltd,REG0000280,2021-02-05,6,21-50,< R5m,Micro,Verified,RM050,8,1
281,C000281,2023-03-01,2025-08-02,True,Client 281 (Pty) Ltd,REG0000281,2019-12-11,23,51-100,< R5m,Micro,Verified,RM057,4,9
282,C000282,2023-03-01,2025-08-02,True,Client 282 (Pty) Ltd,REG0000282,2018-03-06,16,51-100,< R5m,Small,Verified,RM027,19,7
283,C000283,2023-03-01,2025-08-02,True,Client 283 (Pty) Ltd,REG0000283,2019-08-08,27,51-100,< R5m,Small,Verified,RM048,8,4
284,C000284,2023-03-01,2025-08-02,True,Client 284 (Pty) Ltd,REG0000284,2022-03-20,29,51-100,< R5m,Medium,Verified,RM060,21,2
285,C000285,2023-03-01,2025-08-02,True,Client 285 (Pty) Ltd,REG0000285,2021-10-03,3,21-50,< R5m,Medium,Verified,RM056,5,5
286,C000286,2023-03-01,2025-08-02,True,Client 286 (Pty) Ltd,REG0000286,2022-03-04,16,6-20,< R5m,Corporate,Verified,RM052,7,1
287,C000287,2023-03-01,2025-08-02,True,Client 287 (Pty) Ltd,REG0000287,2018-07-15,5,21-50,< R5m,Small,Verified,RM012,22,3
288,C000288,2023-03-01,2025-08-02,True,Client 288 (Pty) Ltd,REG0000288,2020-10-08,24,6-20,< R5m,Medium,Verified,RM002,8,9
289,C000289,2023-03-01,2025-08-02,True,Client 289 (Pty) Ltd,REG0000289,2022-01-28,19,6-20,< R5m,Micro,Verified,RM048,20,9
290,C000290,2023-03-01,2025-08-02,True,Client 290 (Pty) Ltd,REG0000290,2021-03-21,9,6-20,< R5m,Micro,Verified,RM051,12,7
291,C000291,2023-03-01,2025-08-02,True,Client 291 (Pty) Ltd,REG0000291,2020-10-09,20,6-20,< R5m,Small,Verified,RM052,10,10
292,C000292,2023-03-01,2025-08-02,True,Client 292 (Pty) Ltd,REG0000292,2019-04-30,11,1-5,< R5m,Medium,Verified,RM056,7,5
293,C000293,2023-03-01,2025-08-02,True,Client 293 (Pty) Ltd,REG0000293,2018-12-17,12,6-20,< R5m,Medium,Verified,RM052,11,10
294,C000294,2023-03-01,2025-08-02,True,Client 294 (Pty) Ltd,REG0000294,2021-09-09,18,6-20,< R5m,Small,Verified,RM018,4,8
295,C000295,2023-03-01,2025-08-02,True,Client 295 (Pty) Ltd,REG0000295,2022-03-10,27,250+,< R5m,Micro,Verified,RM051,6,3
296,C000296,2023-03-01,2025-08-02,True,Client 296 (Pty) Ltd,REG0000296,2019-02-24,11,51-100,< R5m,Medium,Verified,RM007,6,2
297,C000297,2023-03-01,2025-08-02,True,Client 297 (Pty) Ltd,REG0000297,2020-12-08,20,6-20,< R5m,Small,Verified,RM056,15,2
298,C000298,2023-03-01,2025-08-02,True,Client 298 (Pty) Ltd,REG0000298,2022-11-12,11,51-100,< R5m,Medium,Verified,RM055,17,6
299,C000299,2023-03-01,2025-08-02,True,Client 299 (Pty) Ltd,REG0000299,2020-06-11,4,101-250,< R5m,Medium,Verified,RM015,4,10
300,C000300,2023-03-01,2025-08-02,True,Client 300 (Pty) Ltd,REG0000300,2021-12-18,23,1-5,< R5m,Small,Verified,RM053,21,4
301,C000301,2023-03-01,2025-08-02,True,Client 301 (Pty) Ltd,REG0000301,2020-07-02,26,1-5,< R5m,Medium,Verified,RM023,3,7
302,C000302,2023-03-01,2025-08-02,True,Client 302 (Pty) Ltd,REG0000302,2021-05-15,24,6-20,< R5m,Micro,Review,RM053,21,2
303,C000303,2023-03-01,2025-08-02,True,Client 303 (Pty) Ltd,REG0000303,2018-08-16,18,1-5,< R5m,Medium,Verified,RM056,10,4
304,C000304,2023-03-01,2025-08-02,True,Client 304 (Pty) Ltd,REG0000304,2021-10-21,3,1-5,< R5m,Medium,Verified,RM015,1,6
305,C000305,2023-03-01,2025-08-02,True,Client 305 (Pty) Ltd,REG0000305,2022-12-13,20,21-50,< R5m,Micro,Verified,RM043,22,8
306,C000306,2023-03-01,2025-08-02,True,Client 306 (Pty) Ltd,REG0000306,2021-12-31,9,51-100,< R5m,Small,Verified,RM026,22,7
307,C000307,2023-03-01,2025-08-02,True,Client 307 (Pty) Ltd,REG0000307,2021-03-29,22,6-20,< R5m,Medium,Verified,RM018,17,6
308,C000308,2023-03-01,2025-08-02,True,Client 308 (Pty) Ltd,REG0000308,2018-03-27,29,1-5,< R5m,Small,Verified,RM005,8,6
309,C000309,2023-03-01,2025-08-02,True,Client 309 (Pty) Ltd,REG0000309,2018-09-30,29,6-20,< R5m,Small,Verified,RM018,17,9
310,C000310,2023-03-01,2025-08-02,True,Client 310 (Pty) Ltd,REG0000310,2021-02-10,12,6-20,< R5m,Medium,Verified,RM042,14,9
311,C000311,2023-03-01,2025-08-02,True,Client 311 (Pty) Ltd,REG0000311,2020-03-23,28,21-50,< R5m,Medium,Verified,RM026,17,5
312,C000312,2023-03-01,2025-08-02,True,Client 312 (Pty) Ltd,REG0000312,2019-04-10,24,21-50,< R5m,Medium,Pending,RM054,14,6
313,C000313,2023-03-01,2025-08-02,True,Client 313 (Pty) Ltd,REG0000313,2020-01-28,13,51-100,< R5m,Small,Verified,RM022,17,3
314,C000314,2023-03-01,2025-08-02,True,Client 314 (Pty) Ltd,REG0000314,2022-12-05,24,1-5,< R5m,Small,Verified,RM008,21,5
315,C000315,2023-03-01,2025-08-02,True,Client 315 (Pty) Ltd,REG0000315,2021-08-14,13,1-5,< R5m,Micro,Verified,RM012,9,6
316,C000316,2023-03-01,2025-08-02,True,Client 316 (Pty) Ltd,REG0000316,2019-10-29,8,6-20,< R5m,Small,Pending,RM017,13,7
317,C000317,2023-03-01,2025-08-02,True,Client 317 (Pty) Ltd,REG0000317,2022-11-13,29,6-20,< R5m,Medium,Verified,RM007,6,5
318,C000318,2023-03-01,2025-08-02,True,Client 318 (Pty) Ltd,REG0000318,2019-09-27,26,1-5,< R5m,Small,Verified,RM028,5,1
319,C000319,2023-03-01,2025-08-02,True,Client 319 (Pty) Ltd,REG0000319,2021-02-22,17,21-50,< R5m,Corporate,Verified,RM047,10,9
320,C000320,2023-03-01,2025-08-02,True,Client 320 (Pty) Ltd,REG0000320,2018-09-03,24,6-20,< R5m,Small,Verified,RM021,15,7
321,C000321,2023-03-01,2025-08-02,True,Client 321 (Pty) Ltd,REG0000321,2020-08-20,30,6-20,< R5m,Medium,Verified,RM039,21,2
322,C000322,2023-03-01,2025-08-02,True,Client 322 (Pty) Ltd,REG0000322,2020-03-19,29,51-100,< R5m,Medium,Verified,RM008,9,8
323,C000323,2023-03-01,2025-08-02,True,Client 323 (Pty) Ltd,REG0000323,2020-12-03,24,1-5,< R5m,Small,Verified,RM058,17,7
324,C000324,2023-03-01,2025-08-02,True,Client 324 (Pty) Ltd,REG0000324,2019-11-07,7,1-5,< R5m,Small,Verified,RM013,13,6
325,C000325,2023-03-01,2025-08-02,True,Client 325 (Pty) Ltd,REG0000325,2021-08-27,26,51-100,< R5m,Micro,Verified,RM003,5,6
326,C000326,2023-03-01,2025-08-02,True,Client 326 (Pty) Ltd,REG0000326,2019-02-09,4,1-5,< R5m,Micro,Verified,RM028,13,5
327,C000327,2023-03-01,2025-08-02,True,Client 327 (Pty) Ltd,REG0000327,2023-01-27,23,51-100,< R5m,Micro,Verified,RM034,21,6
328,C000328,2023-03-01,2025-08-02,True,Client 328 (Pty) Ltd,REG0000328,2018-07-24,20,1-5,< R5m,Micro,Verified,RM035,8,4
329,C000329,2023-03-01,2025-08-02,True,Client 329 (Pty) Ltd,REG0000329,2019-03-26,19,6-20,< R5m,Small,Review,RM047,20,4
330,C000330,2023-03-01,2025-08-02,True,Client 330 (Pty) Ltd,REG0000330,2018-12-03,24,1-5,< R5m,Medium,Verified,RM048,2,2
331,C000331,2023-03-01,2025-08-02,True,Client 331 (Pty) Ltd,REG0000331,2019-04-28,30,6-20,< R5m,Micro,Verified,RM013,11,6
332,C000332,2023-03-01,2025-08-02,True,Client 332 (Pty) Ltd,REG0000332,2021-01-15,29,101-250,< R5m,Medium,Verified,RM028,3,3
333,C000333,2023-03-01,2025-08-02,True,Client 333 (Pty) Ltd,REG0000333,2022-09-09,20,6-20,< R5m,Small,Verified,RM043,22,9
334,C000334,2023-03-01,2025-08-02,True,Client 334 (Pty) Ltd,REG0000334,2021-03-25,27,21-50,< R5m,Small,Verified,RM040,2,3
335,C000335,2023-03-01,2025-08-02,True,Client 335 (Pty) Ltd,REG0000335,2021-04-28,20,6-20,< R5m,Micro,Verified,RM043,2,7
336,C000336,2023-03-01,2025-08-02,True,Client 336 (Pty) Ltd,REG0000336,2018-04-30,17,51-100,< R5m,Medium,Verified,RM008,19,8
337,C000337,2023-03-01,2025-08-02,True,Client 337 (Pty) Ltd,REG0000337,2019-01-17,29,6-20,< R5m,Micro,Verified,RM058,12,10
338,C000338,2023-03-01,2025-08-02,True,Client 338 (Pty) Ltd,REG0000338,2021-05-25,18,1-5,< R5m,Medium,Verified,RM033,4,10
339,C000339,2023-03-01,2025-08-02,True,Client 339 (Pty) Ltd,REG0000339,2021-05-07,2,1-5,< R5m,Small,Verified,RM043,22,7
340,C000340,2023-03-01,2025-08-02,True,Client 340 (Pty) Ltd,REG0000340,2020-10-16,22,6-20,< R5m,Small,Pending,RM021,9,7
341,C000341,2023-03-01,2025-08-02,True,Client 341 (Pty) Ltd,REG0000341,2020-10-28,28,21-50,< R5m,Small,Verified,RM045,7,8
342,C000342,2023-03-01,2025-08-02,True,Client 342 (Pty) Ltd,REG0000342,2021-06-04,23,1-5,< R5m,Micro,Verified,RM036,20,2
343,C000343,2023-03-01,2025-08-02,True,Client 343 (Pty) Ltd,REG0000343,2022-05-15,8,101-250,< R5m,Micro,Verified,RM013,20,10
344,C000344,2023-03-01,2025-08-02,True,Client 344 (Pty) Ltd,REG0000344,2020-09-21,9,6-20,< R5m,Medium,Verified,RM043,16,9
345,C000345,2023-03-01,2025-08-02,True,Client 345 (Pty) Ltd,REG0000345,2020-12-15,15,6-20,< R5m,Small,Verified,RM044,6,1
346,C000346,2023-03-01,2025-08-02,True,Client 346 (Pty) Ltd,REG0000346,2018-11-20,30,6-20,< R5m,Small,Verified,RM058,6,4
347,C000347,2023-03-01,2025-08-02,True,Client 347 (Pty) Ltd,REG0000347,2022-02-08,27,21-50,< R5m,Micro,Verified,RM040,17,3
348,C000348,2023-03-01,2025-08-02,True,Client 348 (Pty) Ltd,REG0000348,2019-11-22,12,1-5,< R5m,Small,Verified,RM020,11,1
349,C000349,2023-03-01,2025-08-02,True,Client 349 (Pty) Ltd,REG0000349,2020-10-21,17,6-20,< R5m,Medium,Pending,RM036,20,3
350,C000350,2023-03-01,2025-08-02,True,Client 350 (Pty) Ltd,REG0000350,2018-05-29,21,21-50,< R5m,Small,Verified,RM001,3,9
351,C000351,2023-03-01,2025-08-02,True,Client 351 (Pty) Ltd,REG0000351,2021-05-18,11,6-20,< R5m,Small,Verified,RM019,2,7
352,C000352,2023-03-01,2025-08-02,True,Client 352 (Pty) Ltd,REG0000352,2021-11-26,6,21-50,< R5m,Small,Verified,RM028,16,2
353,C000353,2023-03-01,2025-08-02,True,Client 353 (Pty) Ltd,REG0000353,2018-09-04,9,6-20,< R5m,Small,Verified,RM038,15,3
354,C000354,2023-03-01,2025-08-02,True,Client 354 (Pty) Ltd,REG0000354,2019-09-06,8,51-100,< R5m,Medium,Verified,RM042,9,9
355,C000355,2023-03-01,2025-08-02,True,Client 355 (Pty) Ltd,REG0000355,2021-04-11,22,51-100,< R5m,Medium,Verified,RM030,11,7
356,C000356,2023-03-01,2025-08-02,True,Client 356 (Pty) Ltd,REG0000356,2020-08-09,21,6-20,< R5m,Small,Verified,RM029,9,10
357,C000357,2023-03-01,2025-08-02,True,Client 357 (Pty) Ltd,REG0000357,2019-04-18,22,1-5,< R5m,Small,Verified,RM014,9,10
358,C000358,2023-03-01,2025-08-02,True,Client 358 (Pty) Ltd,REG0000358,2020-03-20,21,6-20,< R5m,Micro,Verified,RM031,3,5
359,C000359,2023-03-01,2025-08-02,True,Client 359 (Pty) Ltd,REG0000359,2018-08-19,1,101-250,< R5m,Micro,Verified,RM058,4,7
360,C000360,2023-03-01,2025-08-02,True,Client 360 (Pty) Ltd,REG0000360,2018-08-14,15,6-20,< R5m,Micro,Verified,RM048,13,8
361,C000361,2023-03-01,2025-08-02,True,Client 361 (Pty) Ltd,REG0000361,2022-02-17,18,1-5,< R5m,Micro,Verified,RM043,16,2
362,C000362,2023-03-01,2025-08-02,True,Client 362 (Pty) Ltd,REG0000362,2022-08-10,12,21-50,< R5m,Medium,Verified,RM019,7,4
363,C000363,2023-03-01,2025-08-02,True,Client 363 (Pty) Ltd,REG0000363,2020-03-11,30,51-100,< R5m,Medium,Verified,RM043,10,3
364,C000364,2023-03-01,2025-08-02,True,Client 364 (Pty) Ltd,REG0000364,2019-07-14,10,101-250,< R5m,Medium,Verified,RM040,14,7
365,C000365,2023-03-01,2025-08-02,True,Client 365 (Pty) Ltd,REG0000365,2021-03-15,24,51-100,< R5m,Medium,Verified,RM006,7,6
366,C000366,2023-03-01,2025-08-02,True,Client 366 (Pty) Ltd,REG0000366,2018-06-29,22,21-50,< R5m,Medium,Verified,RM049,1,1
367,C000367,2023-03-01,2025-08-02,True,Client 367 (Pty) Ltd,REG0000367,2021-10-06,20,1-5,< R5m,Small,Verified,RM044,20,5
368,C000368,2023-03-01,2025-08-02,True,Client 368 (Pty) Ltd,REG0000368,2021-05-05,26,6-20,< R5m,Medium,Verified,RM015,11,3
369,C000369,2023-03-01,2025-08-02,True,Client 369 (Pty) Ltd,REG0000369,2018-07-24,15,6-20,< R5m,Micro,Verified,RM013,15,8
370,C000370,2023-03-01,2025-08-02,True,Client 370 (Pty) Ltd,REG0000370,2022-04-04,23,6-20,< R5m,Micro,Verified,RM002,2,10
371,C000371,2023-03-01,2025-08-02,True,Client 371 (Pty) Ltd,REG0000371,2022-10-28,23,1-5,< R5m,Micro,Verified,RM016,22,4
372,C000372,2023-03-01,2025-08-02,True,Client 372 (Pty) Ltd,REG0000372,2020-06-01,16,21-50,< R5m,Corporate,Verified,RM040,20,3
373,C000373,2023-03-01,2025-08-02,True,Client 373 (Pty) Ltd,REG0000373,2018-04-26,25,6-20,< R5m,Micro,Verified,RM050,5,8
374,C000374,2023-03-01,2025-08-02,True,Client 374 (Pty) Ltd,REG0000374,2022-09-03,13,1-5,< R5m,Corporate,Verified,RM030,13,8
375,C000375,2023-03-01,2025-08-02,True,Client 375 (Pty) Ltd,REG0000375,2020-10-04,26,1-5,< R5m,Medium,Verified,RM057,21,8
376,C000376,2023-03-01,2025-08-02,True,Client 376 (Pty) Ltd,REG0000376,2019-07-21,22,51-100,< R5m,Micro,Verified,RM037,4,2
377,C000377,2023-03-01,2025-08-02,True,Client 377 (Pty) Ltd,REG0000377,2021-12-28,11,6-20,< R5m,Micro,Verified,RM046,12,8
378,C000378,2023-03-01,2025-08-02,True,Client 378 (Pty) Ltd,REG0000378,2019-03-06,18,6-20,< R5m,Micro,Verified,RM025,16,4
379,C000379,2023-03-01,2025-08-02,True,Client 379 (Pty) Ltd,REG0000379,2020-04-23,17,6-20,< R5m,Small,Pending,RM026,15,8
380,C000380,2023-03-01,2025-08-02,True,Client 380 (Pty) Ltd,REG0000380,2021-09-18,19,21-50,< R5m,Medium,Verified,RM010,3,5
381,C000381,2023-03-01,2025-08-02,True,Client 381 (Pty) Ltd,REG0000381,2019-05-28,16,21-50,< R5m,Medium,Verified,RM045,14,10
382,C000382,2023-03-01,2025-08-02,True,Client 382 (Pty) Ltd,REG0000382,2023-01-19,26,6-20,< R5m,Micro,Verified,RM058,22,1
383,C000383,2023-03-01,2025-08-02,True,Client 383 (Pty) Ltd,REG0000383,2018-11-15,20,1-5,< R5m,Small,Pending,RM056,6,7
384,C000384,2023-03-01,2025-08-02,True,Client 384 (Pty) Ltd,REG0000384,2018-10-06,25,6-20,< R5m,Small,Verified,RM057,10,5
385,C000385,2023-03-01,2025-08-02,True,Client 385 (Pty) Ltd,REG0000385,2022-06-26,7,6-20,< R5m,Small,Verified,RM050,14,5
386,C000386,2023-03-01,2025-08-02,True,Client 386 (Pty) Ltd,REG0000386,2020-09-12,11,21-50,< R5m,Small,Verified,RM015,20,4
387,C000387,2023-03-01,2025-08-02,True,Client 387 (Pty) Ltd,REG0000387,2022-02-04,28,21-50,< R5m,Small,Pending,RM052,21,9
388,C000388,2023-03-01,2025-08-02,True,Client 388 (Pty) Ltd,REG0000388,2019-03-07,27,51-100,< R5m,Medium,Verified,RM034,7,5
389,C000389,2023-03-01,2025-08-02,True,Client 389 (Pty) Ltd,REG0000389,2020-06-23,13,1-5,< R5m,Medium,Verified,RM004,21,8
390,C000390,2023-03-01,2025-08-02,True,Client 390 (Pty) Ltd,REG0000390,2019-12-16,17,6-20,< R5m,Micro,Verified,RM016,1,6
391,C000391,2023-03-01,2025-08-02,True,Client 391 (Pty) Ltd,REG0000391,2018-04-29,19,51-100,< R5m,Medium,Verified,RM008,8,3
392,C000392,2023-03-01,2025-08-02,True,Client 392 (Pty) Ltd,REG0000392,2020-07-10,29,21-50,< R5m,Small,Verified,RM009,1,6
393,C000393,2023-03-01,2025-08-02,True,Client 393 (Pty) Ltd,REG0000393,2018-08-03,25,6-20,< R5m,Micro,Verified,RM030,9,9
394,C000394,2023-03-01,2025-08-02,True,Client 394 (Pty) Ltd,REG0000394,2019-05-04,13,51-100,< R5m,Micro,Verified,RM034,10,5
395,C000395,2023-03-01,2025-08-02,True,Client 395 (Pty) Ltd,REG0000395,2019-12-13,20,6-20,< R5m,Micro,Verified,RM039,11,6
396,C000396,2023-03-01,2025-08-02,True,Client 396 (Pty) Ltd,REG0000396,2021-04-21,9,51-100,< R5m,Micro,Verified,RM049,5,10
397,C000397,2023-03-01,2025-08-02,True,Client 397 (Pty) Ltd,REG0000397,2020-08-07,12,6-20,< R5m,Micro,Pending,RM040,10,8
398,C000398,2023-03-01,2025-08-02,True,Client 398 (Pty) Ltd,REG0000398,2018-07-06,19,6-20,< R5m,Small,Verified,RM047,9,1
399,C000399,2023-03-01,2025-08-02,True,Client 399 (Pty) Ltd,REG0000399,2020-04-02,15,6-20,< R5m,Medium,Verified,RM028,21,1
400,C000400,2023-03-01,2025-08-02,True,Client 400 (Pty) Ltd,REG0000400,2018-06-04,11,6-20,< R5m,Small,Verified,RM059,9,4
401,C000401,2023-03-01,2025-08-02,True,Client 401 (Pty) Ltd,REG0000401,2020-01-04,29,1-5,< R5m,Medium,Verified,RM029,5,6
402,C000402,2023-03-01,2025-08-02,True,Client 402 (Pty) Ltd,REG0000402,2022-03-11,17,101-250,< R5m,Medium,Verified,RM048,17,6
403,C000403,2023-03-01,2025-08-02,True,Client 403 (Pty) Ltd,REG0000403,2018-04-02,29,6-20,< R5m,Corporate,Verified,RM031,10,9
404,C000404,2023-03-01,2025-08-02,True,Client 404 (Pty) Ltd,REG0000404,2020-07-23,22,1-5,< R5m,Small,Verified,RM017,15,7
405,C000405,2023-03-01,2025-08-02,True,Client 405 (Pty) Ltd,REG0000405,2018-11-13,17,1-5,< R5m,Medium,Pending,RM016,5,7
406,C000406,2023-03-01,2025-08-02,True,Client 406 (Pty) Ltd,REG0000406,2018-05-16,24,6-20,< R5m,Micro,Verified,RM041,2,6
407,C000407,2023-03-01,2025-08-02,True,Client 407 (Pty) Ltd,REG0000407,2021-07-12,10,51-100,< R5m,Micro,Verified,RM050,10,10
408,C000408,2023-03-01,2025-08-02,True,Client 408 (Pty) Ltd,REG0000408,2018-09-21,23,6-20,< R5m,Medium,Verified,RM034,19,10
409,C000409,2023-03-01,2025-08-02,True,Client 409 (Pty) Ltd,REG0000409,2020-05-13,13,1-5,< R5m,Small,Verified,RM041,5,6
410,C000410,2023-03-01,2025-08-02,True,Client 410 (Pty) Ltd,REG0000410,2021-09-28,26,6-20,< R5m,Small,Verified,RM018,4,2
411,C000411,2023-03-01,2025-08-02,True,Client 411 (Pty) Ltd,REG0000411,2020-08-13,25,6-20,< R5m,Small,Verified,RM005,16,5
412,C000412,2023-03-01,2025-08-02,True,Client 412 (Pty) Ltd,REG0000412,2019-01-30,3,6-20,< R5m,Medium,Verified,RM019,14,5
413,C000413,2023-03-01,2025-08-02,True,Client 413 (Pty) Ltd,REG0000413,2021-10-07,24,1-5,< R5m,Micro,Verified,RM018,10,8
414,C000414,2023-03-01,2025-08-02,True,Client 414 (Pty) Ltd,REG0000414,2021-03-14,21,6-20,< R5m,Micro,Verified,RM021,1,3
415,C000415,2023-03-01,2025-08-02,True,Client 415 (Pty) Ltd,REG0000415,2020-01-20,26,51-100,< R5m,Micro,Verified,RM006,17,10
416,C000416,2023-03-01,2025-08-02,True,Client 416 (Pty) Ltd,REG0000416,2022-04-22,25,21-50,< R5m,Micro,Verified,RM010,19,3
417,C000417,2023-03-01,2025-08-02,True,Client 417 (Pty) Ltd,REG0000417,2021-10-14,28,6-20,< R5m,Micro,Verified,RM025,17,3
418,C000418,2023-03-01,2025-08-02,True,Client 418 (Pty) Ltd,REG0000418,2019-03-11,27,6-20,< R5m,Medium,Verified,RM010,2,4
419,C000419,2023-03-01,2025-08-02,True,Client 419 (Pty) Ltd,REG0000419,2019-02-14,29,6-20,< R5m,Small,Verified,RM014,20,5
420,C000420,2023-03-01,2025-08-02,True,Client 420 (Pty) Ltd,REG0000420,2022-09-21,12,1-5,< R5m,Micro,Verified,RM027,3,10
421,C000421,2023-03-01,2025-08-02,True,Client 421 (Pty) Ltd,REG0000421,2020-10-18,25,6-20,< R5m,Micro,Pending,RM022,3,10
422,C000422,2023-03-01,2025-08-02,True,Client 422 (Pty) Ltd,REG0000422,2020-01-15,17,21-50,< R5m,Small,Verified,RM030,19,6
423,C000423,2023-03-01,2025-08-02,True,Client 423 (Pty) Ltd,REG0000423,2020-10-01,25,6-20,< R5m,Micro,Pending,RM004,9,2
424,C000424,2023-03-01,2025-08-02,True,Client 424 (Pty) Ltd,REG0000424,2021-12-03,14,1-5,< R5m,Medium,Verified,RM054,21,3
425,C000425,2023-03-01,2025-08-02,True,Client 425 (Pty) Ltd,REG0000425,2020-09-22,26,6-20,< R5m,Small,Verified,RM025,13,5
426,C000426,2023-03-01,2025-08-02,True,Client 426 (Pty) Ltd,REG0000426,2018-10-07,24,51-100,< R5m,Small,Verified,RM038,1,3
427,C000427,2023-03-01,2025-08-02,True,Client 427 (Pty) Ltd,REG0000427,2019-03-08,20,6-20,< R5m,Small,Verified,RM002,2,9
428,C000428,2023-03-01,2025-08-02,True,Client 428 (Pty) Ltd,REG0000428,2018-04-12,30,51-100,< R5m,Medium,Verified,RM057,9,9
429,C000429,2023-03-01,2025-08-02,True,Client 429 (Pty) Ltd,REG0000429,2018-10-16,30,6-20,< R5m,Small,Pending,RM037,6,7
430,C000430,2023-03-01,2025-08-02,True,Client 430 (Pty) Ltd,REG0000430,2020-12-12,22,51-100,< R5m,Small,Verified,RM031,11,7
431,C000431,2023-03-01,2025-08-02,True,Client 431 (Pty) Ltd,REG0000431,2023-01-18,3,51-100,< R5m,Medium,Verified,RM023,1,8
432,C000432,2023-03-01,2025-08-02,True,Client 432 (Pty) Ltd,REG0000432,2021-05-29,24,51-100,< R5m,Corporate,Verified,RM049,9,3
433,C000433,2023-03-01,2025-08-02,True,Client 433 (Pty) Ltd,REG0000433,2020-11-23,27,1-5,< R5m,Micro,Verified,RM055,16,10
434,C000434,2023-03-01,2025-08-02,True,Client 434 (Pty) Ltd,REG0000434,2018-05-25,30,1-5,< R5m,Micro,Verified,RM027,12,7
435,C000435,2023-03-01,2025-08-02,True,Client 435 (Pty) Ltd,REG0000435,2020-01-24,3,51-100,< R5m,Medium,Verified,RM048,8,6
436,C000436,2023-03-01,2025-08-02,True,Client 436 (Pty) Ltd,REG0000436,2018-12-18,26,51-100,< R5m,Micro,Verified,RM035,13,10
437,C000437,2023-03-01,2025-08-02,True,Client 437 (Pty) Ltd,REG0000437,2018-08-06,18,21-50,< R5m,Small,Verified,RM039,20,8
438,C000438,2023-03-01,2025-08-02,True,Client 438 (Pty) Ltd,REG0000438,2021-11-05,20,101-250,< R5m,Micro,Verified,RM032,21,2
439,C000439,2023-03-01,2025-08-02,True,Client 439 (Pty) Ltd,REG0000439,2021-11-07,26,51-100,< R5m,Medium,Pending,RM018,17,4
440,C000440,2023-03-01,2025-08-02,True,Client 440 (Pty) Ltd,REG0000440,2020-08-21,29,51-100,< R5m,Micro,Pending,RM032,18,2
441,C000441,2023-03-01,2025-08-02,True,Client 441 (Pty) Ltd,REG0000441,2022-12-02,26,6-20,< R5m,Medium,Verified,RM025,22,2
442,C000442,2023-03-01,2025-08-02,True,Client 442 (Pty) Ltd,REG0000442,2021-03-13,19,101-250,< R5m,Medium,Verified,RM043,3,8
443,C000443,2023-03-01,2025-08-02,True,Client 443 (Pty) Ltd,REG0000443,2019-04-11,20,6-20,< R5m,Medium,Pending,RM052,4,2
444,C000444,2023-03-01,2025-08-02,True,Client 444 (Pty) Ltd,REG0000444,2020-10-24,1,1-5,< R5m,Medium,Pending,RM047,13,1
445,C000445,2023-03-01,2025-08-02,True,Client 445 (Pty) Ltd,REG0000445,2022-02-26,14,6-20,< R5m,Micro,Verified,RM054,9,7
446,C000446,2023-03-01,2025-08-02,True,Client 446 (Pty) Ltd,REG0000446,2020-06-17,27,21-50,< R5m,Micro,Verified,RM059,11,1
447,C000447,2023-03-01,2025-08-02,True,Client 447 (Pty) Ltd,REG0000447,2022-05-14,28,6-20,< R5m,Micro,Verified,RM040,17,3
448,C000448,2023-03-01,2025-08-02,True,Client 448 (Pty) Ltd,REG0000448,2020-02-02,16,21-50,< R5m,Micro,Verified,RM002,16,8
449,C000449,2023-03-01,2025-08-02,True,Client 449 (Pty) Ltd,REG0000449,2020-11-15,22,101-250,< R5m,Corporate,Verified,RM038,2,1
450,C000450,2023-03-01,2025-08-02,True,Client 450 (Pty) Ltd,REG0000450,2019-12-02,17,1-5,< R5m,Small,Verified,RM043,21,4
451,C000451,2023-03-01,2025-08-02,True,Client 451 (Pty) Ltd,REG0000451,2022-12-06,23,6-20,< R5m,Small,Verified,RM006,22,1
452,C000452,2023-03-01,2025-08-02,True,Client 452 (Pty) Ltd,REG0000452,2019-06-24,8,1-5,< R5m,Micro,Verified,RM028,14,9
453,C000453,2023-03-01,2025-08-02,True,Client 453 (Pty) Ltd,REG0000453,2022-04-28,29,21-50,< R5m,Small,Verified,RM056,11,1
454,C000454,2023-03-01,2025-08-02,True,Client 454 (Pty) Ltd,REG0000454,2020-06-29,29,6-20,< R5m,Micro,Pending,RM012,14,10
455,C000455,2023-03-01,2025-08-02,True,Client 455 (Pty) Ltd,REG0000455,2022-10-20,20,6-20,< R5m,Micro,Verified,RM017,9,8
456,C000456,2023-03-01,2025-08-02,True,Client 456 (Pty) Ltd,REG0000456,2020-12-15,27,21-50,< R5m,Micro,Verified,RM021,8,1
457,C000457,2023-03-01,2025-08-02,True,Client 457 (Pty) Ltd,REG0000457,2021-11-23,15,21-50,< R5m,Medium,Pending,RM030,4,8
458,C000458,2023-03-01,2025-08-02,True,Client 458 (Pty) Ltd,REG0000458,2021-04-01,26,1-5,< R5m,Medium,Verified,RM022,13,4
459,C000459,2023-03-01,2025-08-02,True,Client 459 (Pty) Ltd,REG0000459,2018-10-25,15,250+,< R5m,Micro,Verified,RM057,13,2
460,C000460,2023-03-01,2025-08-02,True,Client 460 (Pty) Ltd,REG0000460,2020-12-15,27,101-250,< R5m,Micro,Verified,RM018,12,8
461,C000461,2023-03-01,2025-08-02,True,Client 461 (Pty) Ltd,REG0000461,2018-11-12,19,21-50,< R5m,Corporate,Verified,RM054,7,2
462,C000462,2023-03-01,2025-08-02,True,Client 462 (Pty) Ltd,REG0000462,2020-09-19,12,6-20,< R5m,Medium,Verified,RM017,21,7
463,C000463,2023-03-01,2025-08-02,True,Client 463 (Pty) Ltd,REG0000463,2018-05-27,28,51-100,< R5m,Micro,Verified,RM006,12,5
464,C000464,2023-03-01,2025-08-02,True,Client 464 (Pty) Ltd,REG0000464,2020-06-11,14,1-5,< R5m,Micro,Verified,RM002,10,2
465,C000465,2023-03-01,2025-08-02,True,Client 465 (Pty) Ltd,REG0000465,2018-11-18,5,101-250,< R5m,Medium,Verified,RM035,17,10
466,C000466,2023-03-01,2025-08-02,True,Client 466 (Pty) Ltd,REG0000466,2022-10-16,15,51-100,< R5m,Small,Verified,RM023,3,10
467,C000467,2023-03-01,2025-08-02,True,Client 467 (Pty) Ltd,REG0000467,2021-10-28,28,51-100,< R5m,Medium,Verified,RM042,2,10
468,C000468,2023-03-01,2025-08-02,True,Client 468 (Pty) Ltd,REG0000468,2022-09-12,9,1-5,< R5m,Small,Verified,RM050,7,3
469,C000469,2023-03-01,2025-08-02,True,Client 469 (Pty) Ltd,REG0000469,2019-06-06,18,51-100,< R5m,Corporate,Verified,RM003,13,6
470,C000470,2023-03-01,2025-08-02,True,Client 470 (Pty) Ltd,REG0000470,2018-11-08,16,21-50,< R5m,Small,Verified,RM002,21,4
471,C000471,2023-03-01,2025-08-02,True,Client 471 (Pty) Ltd,REG0000471,2021-09-11,20,51-100,< R5m,Small,Pending,RM013,15,10
472,C000472,2023-03-01,2025-08-02,True,Client 472 (Pty) Ltd,REG0000472,2018-05-18,18,21-50,< R5m,Micro,Verified,RM002,4,8
473,C000473,2023-03-01,2025-08-02,True,Client 473 (Pty) Ltd,REG0000473,2019-08-07,7,6-20,< R5m,Medium,Verified,RM010,15,3
474,C000474,2023-03-01,2025-08-02,True,Client 474 (Pty) Ltd,REG0000474,2021-09-29,30,21-50,< R5m,Small,Verified,RM009,5,4
475,C000475,2023-03-01,2025-08-02,True,Client 475 (Pty) Ltd,REG0000475,2020-06-05,8,6-20,< R5m,Micro,Verified,RM043,19,7
476,C000476,2023-03-01,2025-08-02,True,Client 476 (Pty) Ltd,REG0000476,2022-06-10,16,6-20,< R5m,Medium,Verified,RM037,22,7
477,C000477,2023-03-01,2025-08-02,True,Client 477 (Pty) Ltd,REG0000477,2021-11-10,29,101-250,< R5m,Small,Review,RM030,14,10
478,C000478,2023-03-01,2025-08-02,True,Client 478 (Pty) Ltd,REG0000478,2019-02-28,15,1-5,< R5m,Small,Verified,RM017,12,4
479,C000479,2023-03-01,2025-08-02,True,Client 479 (Pty) Ltd,REG0000479,2018-10-13,24,6-20,< R5m,Small,Pending,RM024,22,2
480,C000480,2023-03-01,2025-08-02,True,Client 480 (Pty) Ltd,REG0000480,2022-02-21,20,250+,< R5m,Micro,Verified,RM039,14,5
481,C000481,2023-03-01,2025-08-02,True,Client 481 (Pty) Ltd,REG0000481,2019-09-05,14,6-20,< R5m,Small,Verified,RM048,20,1
482,C000482,2023-03-01,2025-08-02,True,Client 482 (Pty) Ltd,REG0000482,2019-01-20,7,1-5,< R5m,Small,Verified,RM008,1,6
483,C000483,2023-03-01,2025-08-02,True,Client 483 (Pty) Ltd,REG0000483,2018-09-21,18,6-20,< R5m,Small,Verified,RM053,6,5
484,C000484,2023-03-01,2025-08-02,True,Client 484 (Pty) Ltd,REG0000484,2022-03-01,26,6-20,< R5m,Corporate,Verified,RM020,2,3
485,C000485,2023-03-01,2025-08-02,True,Client 485 (Pty) Ltd,REG0000485,2022-06-23,24,51-100,< R5m,Medium,Verified,RM038,6,4
486,C000486,2023-03-01,2025-08-02,True,Client 486 (Pty) Ltd,REG0000486,2022-12-09,29,6-20,< R5m,Micro,Verified,RM060,20,1
487,C000487,2023-03-01,2025-08-02,True,Client 487 (Pty) Ltd,REG0000487,2021-05-02,15,21-50,< R5m,Micro,Verified,RM037,9,4
488,C000488,2023-03-01,2025-08-02,True,Client 488 (Pty) Ltd,REG0000488,2019-04-14,5,250+,< R5m,Small,Verified,RM059,17,1
489,C000489,2023-03-01,2025-08-02,True,Client 489 (Pty) Ltd,REG0000489,2020-12-23,28,21-50,< R5m,Small,Verified,RM026,8,3
490,C000490,2023-03-01,2025-08-02,True,Client 490 (Pty) Ltd,REG0000490,2019-01-27,15,6-20,< R5m,Micro,Verified,RM013,2,10
491,C000491,2023-03-01,2025-08-02,True,Client 491 (Pty) Ltd,REG0000491,2022-08-28,7,1-5,< R5m,Micro,Verified,RM038,20,10
492,C000492,2023-03-01,2025-08-02,True,Client 492 (Pty) Ltd,REG0000492,2019-03-18,22,6-20,< R5m,Micro,Verified,RM054,14,5
493,C000493,2023-03-01,2025-08-02,True,Client 493 (Pty) Ltd,REG0000493,2019-07-26,12,6-20,< R5m,Medium,Verified,RM016,13,7
494,C000494,2023-03-01,2025-08-02,True,Client 494 (Pty) Ltd,REG0000494,2022-07-06,5,1-5,< R5m,Micro,Pending,RM045,3,10
495,C000495,2023-03-01,2025-08-02,True,Client 495 (Pty) Ltd,REG0000495,2018-10-01,26,6-20,< R5m,Micro,Verified,RM020,11,4
496,C000496,2023-03-01,2025-08-02,True,Client 496 (Pty) Ltd,REG0000496,2018-04-25,8,6-20,< R5m,Micro,Verified,RM044,10,1
497,C000497,2023-03-01,2025-08-02,True,Client 497 (Pty) Ltd,REG0000497,2019-09-19,20,21-50,< R5m,Micro,Verified,RM052,4,2
498,C000498,2023-03-01,2025-08-02,True,Client 498 (Pty) Ltd,REG0000498,2022-05-28,27,51-100,< R5m,Medium,Verified,RM051,4,2
499,C000499,2023-03-01,2025-08-02,True,Client 499 (Pty) Ltd,REG0000499,2019-11-28,17,6-20,< R5m,Medium,Verified,RM051,21,4
500,C000500,2023-03-01,2025-08-02,True,Client 500 (Pty) Ltd,REG0000500,2022-11-07,18,6-20,< R5m,Micro,Verified,RM023,19,7
501,C000501,2023-03-01,2025-08-02,True,Client 501 (Pty) Ltd,REG0000501,2020-02-04,17,1-5,< R5m,Small,Verified,RM028,19,7
502,C000502,2023-03-01,2025-08-02,True,Client 502 (Pty) Ltd,REG0000502,2019-05-17,12,6-20,< R5m,Corporate,Verified,RM024,11,4
503,C000503,2023-03-01,2025-08-02,True,Client 503 (Pty) Ltd,REG0000503,2022-09-11,21,6-20,< R5m,Corporate,Verified,RM033,22,9
504,C000504,2023-03-01,2025-08-02,True,Client 504 (Pty) Ltd,REG0000504,2019-06-14,21,101-250,< R5m,Corporate,Verified,RM022,20,6
505,C000505,2023-03-01,2025-08-02,True,Client 505 (Pty) Ltd,REG0000505,2023-01-05,14,6-20,< R5m,Small,Pending,RM055,10,7
506,C000506,2023-03-01,2025-08-02,True,Client 506 (Pty) Ltd,REG0000506,2020-09-22,4,1-5,< R5m,Small,Verified,RM053,13,6
507,C000507,2023-03-01,2025-08-02,True,Client 507 (Pty) Ltd,REG0000507,2020-05-02,5,6-20,< R5m,Small,Verified,RM007,8,5
508,C000508,2023-03-01,2025-08-02,True,Client 508 (Pty) Ltd,REG0000508,2020-08-26,3,6-20,< R5m,Medium,Pending,RM024,19,6
509,C000509,2023-03-01,2025-08-02,True,Client 509 (Pty) Ltd,REG0000509,2019-07-09,25,6-20,< R5m,Corporate,Verified,RM058,3,5
510,C000510,2023-03-01,2025-08-02,True,Client 510 (Pty) Ltd,REG0000510,2018-06-08,25,101-250,< R5m,Micro,Verified,RM030,19,9
511,C000511,2023-03-01,2025-08-02,True,Client 511 (Pty) Ltd,REG0000511,2019-02-12,30,51-100,< R5m,Medium,Verified,RM010,5,8
512,C000512,2023-03-01,2025-08-02,True,Client 512 (Pty) Ltd,REG0000512,2020-08-22,21,101-250,< R5m,Micro,Verified,RM012,8,9
513,C000513,2023-03-01,2025-08-02,True,Client 513 (Pty) Ltd,REG0000513,2018-12-20,27,6-20,< R5m,Micro,Pending,RM034,16,9
514,C000514,2023-03-01,2025-08-02,True,Client 514 (Pty) Ltd,REG0000514,2019-06-08,4,6-20,< R5m,Micro,Verified,RM018,13,10
515,C000515,2023-03-01,2025-08-02,True,Client 515 (Pty) Ltd,REG0000515,2019-08-18,5,6-20,< R5m,Corporate,Verified,RM052,16,7
516,C000516,2023-03-01,2025-08-02,True,Client 516 (Pty) Ltd,REG0000516,2020-01-24,11,101-250,< R5m,Medium,Verified,RM050,12,8
517,C000517,2023-03-01,2025-08-02,True,Client 517 (Pty) Ltd,REG0000517,2020-05-15,25,101-250,< R5m,Small,Verified,RM030,16,4
518,C000518,2023-03-01,2025-08-02,True,Client 518 (Pty) Ltd,REG0000518,2020-08-21,25,101-250,< R5m,Medium,Verified,RM053,3,9
519,C000519,2023-03-01,2025-08-02,True,Client 519 (Pty) Ltd,REG0000519,2018-12-25,27,21-50,< R5m,Medium,Verified,RM038,20,6
520,C000520,2023-03-01,2025-08-02,True,Client 520 (Pty) Ltd,REG0000520,2021-07-30,24,6-20,< R5m,Small,Pending,RM021,3,4
521,C000521,2023-03-01,2025-08-02,True,Client 521 (Pty) Ltd,REG0000521,2018-04-22,4,51-100,< R5m,Micro,Verified,RM016,21,4
522,C000522,2023-03-01,2025-08-02,True,Client 522 (Pty) Ltd,REG0000522,2018-06-04,21,51-100,< R5m,Micro,Verified,RM060,3,3
523,C000523,2023-03-01,2025-08-02,True,Client 523 (Pty) Ltd,REG0000523,2022-08-06,24,6-20,< R5m,Micro,Verified,RM018,3,4
524,C000524,2023-03-01,2025-08-02,True,Client 524 (Pty) Ltd,REG0000524,2020-07-21,25,6-20,< R5m,Medium,Verified,RM016,22,1
525,C000525,2023-03-01,2025-08-02,True,Client 525 (Pty) Ltd,REG0000525,2018-11-16,27,1-5,< R5m,Medium,Verified,RM030,4,8
526,C000526,2023-03-01,2025-08-02,True,Client 526 (Pty) Ltd,REG0000526,2019-11-20,17,6-20,< R5m,Small,Verified,RM040,13,7
527,C000527,2023-03-01,2025-08-02,True,Client 527 (Pty) Ltd,REG0000527,2019-05-03,27,101-250,< R5m,Small,Verified,RM025,22,10
528,C000528,2023-03-01,2025-08-02,True,Client 528 (Pty) Ltd,REG0000528,2021-03-13,28,51-100,< R5m,Micro,Verified,RM002,10,5
529,C000529,2023-03-01,2025-08-02,True,Client 529 (Pty) Ltd,REG0000529,2020-04-23,16,6-20,< R5m,Medium,Verified,RM055,21,6
530,C000530,2023-03-01,2025-08-02,True,Client 530 (Pty) Ltd,REG0000530,2021-04-05,18,21-50,< R5m,Corporate,Verified,RM012,9,10
531,C000531,2023-03-01,2025-08-02,True,Client 531 (Pty) Ltd,REG0000531,2020-05-07,1,1-5,< R5m,Micro,Verified,RM014,21,4
532,C000532,2023-03-01,2025-08-02,True,Client 532 (Pty) Ltd,REG0000532,2021-02-03,8,1-5,< R5m,Small,Verified,RM052,9,5
533,C000533,2023-03-01,2025-08-02,True,Client 533 (Pty) Ltd,REG0000533,2021-08-19,15,51-100,< R5m,Micro,Verified,RM022,9,6
534,C000534,2023-03-01,2025-08-02,True,Client 534 (Pty) Ltd,REG0000534,2021-07-07,21,6-20,< R5m,Micro,Verified,RM057,11,6
535,C000535,2023-03-01,2025-08-02,True,Client 535 (Pty) Ltd,REG0000535,2019-09-28,0,51-100,< R5m,Micro,Verified,RM045,13,5
536,C000536,2023-03-01,2025-08-02,True,Client 536 (Pty) Ltd,REG0000536,2021-07-14,6,21-50,< R5m,Small,Verified,RM036,14,9
537,C000537,2023-03-01,2025-08-02,True,Client 537 (Pty) Ltd,REG0000537,2023-01-10,28,6-20,< R5m,Medium,Verified,RM034,5,4
538,C000538,2023-03-01,2025-08-02,True,Client 538 (Pty) Ltd,REG0000538,2022-01-04,13,6-20,< R5m,Small,Verified,RM006,15,2
539,C000539,2023-03-01,2025-08-02,True,Client 539 (Pty) Ltd,REG0000539,2021-09-23,24,1-5,< R5m,Corporate,Verified,RM047,1,10
540,C000540,2023-03-01,2025-08-02,True,Client 540 (Pty) Ltd,REG0000540,2020-10-20,21,1-5,< R5m,Micro,Verified,RM032,21,6
541,C000541,2023-03-01,2025-08-02,True,Client 541 (Pty) Ltd,REG0000541,2019-12-20,20,6-20,< R5m,Small,Verified,RM049,13,9
542,C000542,2023-03-01,2025-08-02,True,Client 542 (Pty) Ltd,REG0000542,2021-09-25,20,6-20,< R5m,Medium,Verified,RM045,7,7
543,C000543,2023-03-01,2025-08-02,True,Client 543 (Pty) Ltd,REG0000543,2020-05-30,2,21-50,< R5m,Micro,Verified,RM042,12,1
544,C000544,2023-03-01,2025-08-02,True,Client 544 (Pty) Ltd,REG0000544,2019-02-03,17,21-50,< R5m,Small,Verified,RM032,22,4
545,C000545,2023-03-01,2025-08-02,True,Client 545 (Pty) Ltd,REG0000545,2020-07-27,7,51-100,< R5m,Corporate,Verified,RM051,21,4
546,C000546,2023-03-01,2025-08-02,True,Client 546 (Pty) Ltd,REG0000546,2022-12-26,20,21-50,< R5m,Medium,Verified,RM006,22,1
547,C000547,2023-03-01,2025-08-02,True,Client 547 (Pty) Ltd,REG0000547,2021-06-07,9,6-20,< R5m,Small,Verified,RM015,11,8
548,C000548,2023-03-01,2025-08-02,True,Client 548 (Pty) Ltd,REG0000548,2020-10-24,22,6-20,< R5m,Medium,Verified,RM045,4,2
549,C000549,2023-03-01,2025-08-02,True,Client 549 (Pty) Ltd,REG0000549,2021-09-19,22,1-5,< R5m,Small,Verified,RM020,16,5
550,C000550,2023-03-01,2025-08-02,True,Client 550 (Pty) Ltd,REG0000550,2019-05-12,10,6-20,< R5m,Small,Verified,RM038,10,8
551,C000551,2023-03-01,2025-08-02,True,Client 551 (Pty) Ltd,REG0000551,2021-01-05,18,6-20,< R5m,Micro,Verified,RM031,15,3
552,C000552,2023-03-01,2025-08-02,True,Client 552 (Pty) Ltd,REG0000552,2019-12-24,28,6-20,< R5m,Medium,Verified,RM034,14,5
553,C000553,2023-03-01,2025-08-02,True,Client 553 (Pty) Ltd,REG0000553,2021-02-25,3,250+,< R5m,Small,Verified,RM028,14,10
554,C000554,2023-03-01,2025-08-02,True,Client 554 (Pty) Ltd,REG0000554,2018-11-25,12,6-20,< R5m,Micro,Verified,RM036,9,3
555,C000555,2023-03-01,2025-08-02,True,Client 555 (Pty) Ltd,REG0000555,2021-03-24,24,21-50,< R5m,Small,Verified,RM023,2,8
556,C000556,2023-03-01,2025-08-02,True,Client 556 (Pty) Ltd,REG0000556,2019-02-21,30,6-20,< R5m,Micro,Verified,RM030,5,6
557,C000557,2023-03-01,2025-08-02,True,Client 557 (Pty) Ltd,REG0000557,2021-07-25,13,6-20,< R5m,Medium,Verified,RM020,5,8
558,C000558,2023-03-01,2025-08-02,True,Client 558 (Pty) Ltd,REG0000558,2021-09-03,18,6-20,< R5m,Medium,Verified,RM015,8,9
559,C000559,2023-03-01,2025-08-02,True,Client 559 (Pty) Ltd,REG0000559,2022-05-28,18,6-20,< R5m,Micro,Verified,RM047,17,7
560,C000560,2023-03-01,2025-08-02,True,Client 560 (Pty) Ltd,REG0000560,2022-01-01,30,6-20,< R5m,Medium,Verified,RM021,12,6
561,C000561,2023-03-01,2025-08-02,True,Client 561 (Pty) Ltd,REG0000561,2022-05-31,14,1-5,< R5m,Medium,Verified,RM048,20,8
562,C000562,2023-03-01,2025-08-02,True,Client 562 (Pty) Ltd,REG0000562,2020-01-29,8,1-5,< R5m,Small,Verified,RM049,2,7
563,C000563,2023-03-01,2025-08-02,True,Client 563 (Pty) Ltd,REG0000563,2019-03-19,16,21-50,< R5m,Small,Verified,RM012,22,1
564,C000564,2023-03-01,2025-08-02,True,Client 564 (Pty) Ltd,REG0000564,2022-01-03,3,250+,< R5m,Micro,Verified,RM014,12,10
565,C000565,2023-03-01,2025-08-02,True,Client 565 (Pty) Ltd,REG0000565,2018-12-10,27,6-20,< R5m,Medium,Verified,RM031,19,10
566,C000566,2023-03-01,2025-08-02,True,Client 566 (Pty) Ltd,REG0000566,2021-07-13,10,6-20,< R5m,Small,Pending,RM047,14,7
567,C000567,2023-03-01,2025-08-02,True,Client 567 (Pty) Ltd,REG0000567,2019-10-11,22,1-5,< R5m,Small,Verified,RM049,2,10
568,C000568,2023-03-01,2025-08-02,True,Client 568 (Pty) Ltd,REG0000568,2020-02-21,13,6-20,< R5m,Small,Verified,RM039,19,5
569,C000569,2023-03-01,2025-08-02,True,Client 569 (Pty) Ltd,REG0000569,2021-06-30,21,6-20,< R5m,Micro,Verified,RM007,18,5
570,C000570,2023-03-01,2025-08-02,True,Client 570 (Pty) Ltd,REG0000570,2018-05-31,15,1-5,< R5m,Small,Verified,RM013,19,9
571,C000571,2023-03-01,2025-08-02,True,Client 571 (Pty) Ltd,REG0000571,2021-06-03,2,6-20,< R5m,Micro,Review,RM015,4,8
572,C000572,2023-03-01,2025-08-02,True,Client 572 (Pty) Ltd,REG0000572,2021-01-21,15,6-20,< R5m,Medium,Verified,RM012,12,5
573,C000573,2023-03-01,2025-08-02,True,Client 573 (Pty) Ltd,REG0000573,2021-05-21,27,101-250,< R5m,Small,Verified,RM001,13,9
574,C000574,2023-03-01,2025-08-02,True,Client 574 (Pty) Ltd,REG0000574,2019-02-10,15,51-100,< R5m,Small,Verified,RM035,7,4
575,C000575,2023-03-01,2025-08-02,True,Client 575 (Pty) Ltd,REG0000575,2022-05-16,20,6-20,< R5m,Small,Verified,RM018,12,7
576,C000576,2023-03-01,2025-08-02,True,Client 576 (Pty) Ltd,REG0000576,2022-10-29,17,1-5,< R5m,Small,Pending,RM004,20,6
577,C000577,2023-03-01,2025-08-02,True,Client 577 (Pty) Ltd,REG0000577,2019-12-24,24,101-250,< R5m,Small,Verified,RM019,8,4
578,C000578,2023-03-01,2025-08-02,True,Client 578 (Pty) Ltd,REG0000578,2019-03-04,13,6-20,< R5m,Medium,Verified,RM009,18,4
579,C000579,2023-03-01,2025-08-02,True,Client 579 (Pty) Ltd,REG0000579,2019-07-04,18,51-100,< R5m,Micro,Verified,RM056,18,7
580,C000580,2023-03-01,2025-08-02,True,Client 580 (Pty) Ltd,REG0000580,2018-11-11,16,6-20,< R5m,Micro,Pending,RM032,11,9
581,C000581,2023-03-01,2025-08-02,True,Client 581 (Pty) Ltd,REG0000581,2022-07-04,14,6-20,< R5m,Micro,Verified,RM056,11,8
582,C000582,2023-03-01,2025-08-02,True,Client 582 (Pty) Ltd,REG0000582,2023-01-05,16,21-50,< R5m,Small,Verified,RM037,18,4
583,C000583,2023-03-01,2025-08-02,True,Client 583 (Pty) Ltd,REG0000583,2021-06-27,26,6-20,< R5m,Small,Review,RM031,18,10
584,C000584,2023-03-01,2025-08-02,True,Client 584 (Pty) Ltd,REG0000584,2020-05-25,21,1-5,< R5m,Small,Review,RM029,10,4
585,C000585,2023-03-01,2025-08-02,True,Client 585 (Pty) Ltd,REG0000585,2021-03-04,20,21-50,< R5m,Micro,Verified,RM012,17,5
586,C000586,2023-03-01,2025-08-02,True,Client 586 (Pty) Ltd,REG0000586,2022-10-17,14,21-50,< R5m,Micro,Verified,RM017,13,5
587,C000587,2023-03-01,2025-08-02,True,Client 587 (Pty) Ltd,REG0000587,2018-04-02,16,6-20,< R5m,Medium,Verified,RM031,18,10
588,C000588,2023-03-01,2025-08-02,True,Client 588 (Pty) Ltd,REG0000588,2022-06-11,22,6-20,< R5m,Micro,Verified,RM053,11,3
589,C000589,2023-03-01,2025-08-02,True,Client 589 (Pty) Ltd,REG0000589,2022-09-19,0,6-20,< R5m,Medium,Verified,RM026,1,4
590,C000590,2023-03-01,2025-08-02,True,Client 590 (Pty) Ltd,REG0000590,2020-04-28,29,21-50,< R5m,Micro,Verified,RM005,5,1
591,C000591,2023-03-01,2025-08-02,True,Client 591 (Pty) Ltd,REG0000591,2019-11-06,15,21-50,< R5m,Small,Verified,RM041,20,4
592,C000592,2023-03-01,2025-08-02,True,Client 592 (Pty) Ltd,REG0000592,2019-03-27,3,6-20,< R5m,Small,Verified,RM004,2,6
593,C000593,2023-03-01,2025-08-02,True,Client 593 (Pty) Ltd,REG0000593,2022-03-26,13,51-100,< R5m,Corporate,Verified,RM010,18,9
594,C000594,2023-03-01,2025-08-02,True,Client 594 (Pty) Ltd,REG0000594,2018-07-14,9,1-5,< R5m,Medium,Verified,RM037,15,6
595,C000595,2023-03-01,2025-08-02,True,Client 595 (Pty) Ltd,REG0000595,2021-05-18,23,6-20,< R5m,Medium,Verified,RM006,12,8
596,C000596,2023-03-01,2025-08-02,True,Client 596 (Pty) Ltd,REG0000596,2021-09-09,24,1-5,< R5m,Corporate,Verified,RM008,14,7
597,C000597,2023-03-01,2025-08-02,True,Client 597 (Pty) Ltd,REG0000597,2019-12-15,26,6-20,< R5m,Micro,Verified,RM049,13,5
598,C000598,2023-03-01,2025-08-02,True,Client 598 (Pty) Ltd,REG0000598,2020-09-30,9,1-5,< R5m,Corporate,Verified,RM039,4,6
599,C000599,2023-03-01,2025-08-02,True,Client 599 (Pty) Ltd,REG0000599,2019-09-28,13,21-50,< R5m,Micro,Verified,RM051,5,5
600,C000600,2023-03-01,2025-08-02,True,Client 600 (Pty) Ltd,REG0000600,2019-08-13,9,6-20,< R5m,Micro,Verified,RM015,7,2
